Credit used (%),Months since last late payment,On-time payment rate (%),Number of loans,Loans not paid off (%),Months since last credit application,CreditScore
72.0,76.0,93.0,30.0,91.0,0.0,Bad
62.0,1.0,91.0,32.0,94.0,0.0,Bad
89.0,9.0,92.0,26.0,100.0,0.0,Good
28.0,31.0,83.0,18.0,40.0,0.0,Good
31.0,5.0,95.0,19.0,62.0,0.0,Bad
84.0,2.0,60.0,15.0,88.0,0.0,Bad
71.0,32.0,97.0,36.0,82.0,0.0,Bad
62.0,0.0,87.0,15.0,86.0,0.0,Bad
25.0,23.0,79.0,20.0,70.0,0.0,Bad
44.0,1.0,97.0,31.0,56.0,0.0,Bad
14.0,1.0,85.0,20.0,50.0,0.0,Bad
24.0,0.0,90.0,20.0,82.0,0.0,Bad
63.0,13.0,93.0,28.0,91.0,0.0,Bad
79.0,4.0,55.0,22.0,91.0,0.0,Bad
19.0,3.0,82.0,17.0,63.0,0.0,Bad
5.0,37.0,83.0,18.0,22.0,0.0,Good
62.0,4.0,64.0,12.0,100.0,0.0,Bad
31.0,70.0,88.0,26.0,67.0,0.0,Bad
79.0,2.0,84.0,25.0,100.0,0.0,Bad
97.0,5.0,89.0,19.0,100.0,0.0,Bad
74.0,17.0,95.0,20.0,86.0,0.0,Bad
10.0,23.0,98.0,43.0,67.0,0.0,Bad
79.0,4.0,50.0,22.0,88.0,0.0,Bad
37.0,5.0,79.0,14.0,70.0,0.0,Bad
63.0,7.0,76.0,43.0,86.0,0.0,Bad
36.0,3.0,98.0,44.0,47.0,0.0,Bad
66.0,30.0,96.0,23.0,78.0,0.0,Bad
34.0,9.0,89.0,19.0,64.0,0.0,Good
22.0,32.0,93.0,40.0,60.0,0.0,Good
49.0,8.0,95.0,21.0,67.0,0.0,Bad
85.0,51.0,87.0,31.0,100.0,0.0,Good
59.0,45.0,93.0,16.0,83.0,0.0,Bad
40.0,16.0,80.0,6.0,100.0,0.0,Bad
81.0,18.0,73.0,15.0,86.0,0.0,Bad
37.0,76.0,96.0,27.0,75.0,0.0,Bad
44.0,35.0,98.0,42.0,69.0,0.0,Good
63.0,15.0,89.0,27.0,94.0,0.0,Bad
83.0,15.0,92.0,14.0,100.0,0.0,Good
4.0,2.0,97.0,30.0,86.0,2.0,Good
16.0,31.0,88.0,24.0,63.0,2.0,Bad
12.0,3.0,88.0,40.0,89.0,2.0,Bad
97.0,22.0,82.0,34.0,100.0,19.0,Bad
48.0,1.0,85.0,33.0,62.0,0.0,Bad
43.0,50.0,97.0,33.0,76.0,1.0,Bad
75.0,5.0,85.0,27.0,88.0,5.0,Good
42.0,1.0,81.0,26.0,69.0,3.0,Bad
69.0,36.0,88.0,33.0,100.0,0.0,Good
44.0,2.0,98.0,59.0,92.0,1.0,Bad
17.0,2.0,78.0,32.0,67.0,0.0,Good
11.0,21.0,68.0,31.0,56.0,0.0,Good
13.0,9.0,83.0,24.0,31.0,0.0,Good
18.0,11.0,94.0,32.0,79.0,3.0,Good
13.0,4.0,81.0,16.0,100.0,0.0,Bad
16.0,11.0,90.0,20.0,73.0,1.0,Good
93.0,26.0,80.0,10.0,100.0,3.0,Bad
45.0,24.0,79.0,49.0,65.0,4.0,Bad
80.0,36.0,97.0,37.0,83.0,4.0,Bad
52.0,3.0,71.0,28.0,82.0,5.0,Bad
56.0,4.0,88.0,33.0,78.0,12.0,Bad
6.0,7.0,96.0,25.0,56.0,4.0,Bad
39.0,19.0,83.0,23.0,100.0,5.0,Good
32.0,8.0,95.0,57.0,57.0,5.0,Bad
44.0,20.0,89.0,18.0,75.0,4.0,Bad
29.0,26.0,88.0,24.0,58.0,1.0,Bad
16.0,0.0,78.0,40.0,68.0,0.0,Bad
0.0,1.0,67.0,24.0,63.0,0.0,Bad
48.0,5.0,93.0,40.0,83.0,1.0,Bad
13.0,10.0,97.0,35.0,67.0,1.0,Good
47.0,65.0,96.0,24.0,89.0,6.0,Good
31.0,43.0,94.0,31.0,60.0,5.0,Good
9.0,2.0,38.0,24.0,62.0,3.0,Bad
19.0,60.0,98.0,60.0,57.0,0.0,Bad
34.0,17.0,97.0,35.0,71.0,0.0,Bad
57.0,2.0,86.0,29.0,67.0,0.0,Bad
56.0,10.0,96.0,26.0,67.0,0.0,Bad
68.0,41.0,64.0,11.0,100.0,0.0,Bad
43.0,17.0,93.0,30.0,73.0,0.0,Bad
94.0,1.0,69.0,16.0,83.0,0.0,Bad
59.0,71.0,97.0,36.0,75.0,0.0,Bad
64.0,78.0,88.0,26.0,90.0,0.0,Bad
35.0,6.0,97.0,33.0,59.0,0.0,Bad
50.0,71.0,82.0,17.0,90.0,0.0,Bad
35.0,8.0,95.0,19.0,73.0,0.0,Bad
37.0,2.0,89.0,35.0,95.0,0.0,Good
70.0,29.0,79.0,29.0,100.0,0.0,Bad
58.0,7.0,92.0,26.0,67.0,0.0,Bad
68.0,3.0,95.0,40.0,80.0,0.0,Bad
16.0,17.0,87.0,15.0,78.0,0.0,Bad
5.0,12.0,97.0,33.0,47.0,0.0,Bad
42.0,57.0,95.0,22.0,56.0,0.0,Bad
69.0,8.0,96.0,47.0,78.0,0.0,Bad
42.0,20.0,89.0,27.0,86.0,0.0,Good
40.0,44.0,85.0,13.0,85.0,0.0,Bad
25.0,12.0,96.0,23.0,45.0,0.0,Good
62.0,3.0,75.0,20.0,90.0,0.0,Bad
3.0,18.0,98.0,46.0,45.0,0.0,Bad
69.0,25.0,88.0,16.0,78.0,0.0,Good
75.0,39.0,90.0,43.0,71.0,0.0,Good
10.0,9.0,74.0,19.0,56.0,0.0,Bad
45.0,6.0,83.0,12.0,88.0,0.0,Bad
41.0,5.0,86.0,22.0,80.0,0.0,Bad
26.0,7.0,25.0,11.0,80.0,0.0,Good
18.0,0.0,92.0,24.0,58.0,0.0,Good
58.0,3.0,95.0,20.0,86.0,0.0,Bad
49.0,15.0,83.0,12.0,33.0,0.0,Bad
97.0,75.0,92.0,12.0,100.0,0.0,Bad
51.0,59.0,92.0,36.0,64.0,0.0,Good
94.0,63.0,88.0,35.0,100.0,0.0,Bad
52.0,47.0,91.0,24.0,88.0,0.0,Bad
40.0,0.0,97.0,34.0,50.0,0.0,Good
95.0,22.0,85.0,57.0,100.0,0.0,Bad
26.0,3.0,76.0,17.0,100.0,0.0,Bad
6.0,34.0,97.0,36.0,65.0,0.0,Good
34.0,22.0,94.0,62.0,57.0,0.0,Bad
47.0,7.0,80.0,31.0,82.0,0.0,Bad
41.0,1.0,96.0,23.0,75.0,0.0,Bad
96.0,6.0,75.0,24.0,78.0,0.0,Bad
25.0,2.0,61.0,19.0,71.0,0.0,Good
1.0,1.0,95.0,20.0,67.0,0.0,Bad
38.0,44.0,93.0,59.0,62.0,0.0,Bad
39.0,6.0,89.0,45.0,64.0,0.0,Bad
74.0,28.0,93.0,14.0,100.0,0.0,Bad
1.0,5.0,78.0,40.0,39.0,0.0,Bad
51.0,13.0,78.0,18.0,83.0,0.0,Bad
10.0,71.0,98.0,41.0,55.0,0.0,Bad
93.0,45.0,97.0,36.0,100.0,0.0,Bad
21.0,12.0,89.0,28.0,63.0,0.0,Bad
73.0,68.0,97.0,34.0,71.0,0.0,Good
30.0,50.0,75.0,9.0,75.0,0.0,Bad
34.0,0.0,96.0,23.0,67.0,0.0,Bad
16.0,7.0,93.0,27.0,46.0,0.0,Bad
73.0,59.0,96.0,25.0,91.0,0.0,Bad
27.0,10.0,50.0,10.0,60.0,0.0,Bad
49.0,79.0,96.0,28.0,83.0,0.0,Bad
82.0,33.0,83.0,13.0,100.0,0.0,Bad
69.0,1.0,75.0,12.0,100.0,0.0,Bad
40.0,1.0,95.0,42.0,55.0,0.0,Good
20.0,4.0,75.0,12.0,71.0,0.0,Bad
28.0,29.0,86.0,35.0,40.0,0.0,Bad
74.0,5.0,86.0,14.0,75.0,0.0,Good
48.0,54.0,86.0,9.0,100.0,0.0,Bad
72.0,21.0,89.0,19.0,91.0,0.0,Bad
72.0,25.0,92.0,25.0,90.0,0.0,Bad
82.0,38.0,97.0,39.0,91.0,0.0,Bad
79.0,1.0,88.0,26.0,75.0,0.0,Bad
46.0,62.0,95.0,22.0,92.0,0.0,Bad
104.0,12.0,27.0,11.0,100.0,0.0,Bad
33.0,0.0,96.0,26.0,63.0,0.0,Bad
65.0,23.0,96.0,23.0,73.0,0.0,Good
70.0,6.0,95.0,20.0,83.0,0.0,Bad
39.0,25.0,97.0,32.0,80.0,0.0,Good
47.0,12.0,93.0,14.0,89.0,0.0,Bad
65.0,4.0,89.0,18.0,75.0,0.0,Bad
30.0,12.0,88.0,48.0,39.0,0.0,Good
2.0,26.0,92.0,26.0,58.0,0.0,Bad
25.0,79.0,95.0,22.0,63.0,0.0,Good
78.0,16.0,67.0,40.0,78.0,0.0,Bad
53.0,9.0,92.0,24.0,87.0,0.0,Bad
75.0,3.0,84.0,25.0,56.0,7.0,Bad
7.0,70.0,96.0,24.0,44.0,19.0,Good
39.0,23.0,93.0,55.0,77.0,1.0,Good
9.0,11.0,88.0,17.0,33.0,0.0,Bad
52.0,34.0,89.0,19.0,67.0,2.0,Good
81.0,5.0,89.0,37.0,90.0,5.0,Bad
55.0,52.0,95.0,19.0,89.0,4.0,Bad
59.0,44.0,78.0,27.0,90.0,8.0,Good
0.0,5.0,87.0,16.0,50.0,7.0,Good
1.0,59.0,96.0,26.0,42.0,8.0,Good
3.0,41.0,96.0,24.0,45.0,2.0,Bad
63.0,6.0,97.0,68.0,100.0,1.0,Bad
6.0,5.0,92.0,28.0,25.0,2.0,Good
54.0,7.0,91.0,34.0,57.0,11.0,Bad
58.0,11.0,96.0,56.0,69.0,2.0,Bad
7.0,72.0,93.0,30.0,58.0,0.0,Bad
62.0,1.0,94.0,32.0,89.0,9.0,Bad
35.0,7.0,93.0,60.0,41.0,4.0,Good
9.0,56.0,93.0,14.0,43.0,4.0,Good
1.0,82.0,92.0,13.0,50.0,12.0,Good
9.0,39.0,99.0,71.0,82.0,1.0,Good
9.0,42.0,92.0,25.0,63.0,7.0,Good
62.0,1.0,86.0,51.0,65.0,11.0,Good
100.0,8.0,94.0,33.0,100.0,7.0,Bad
86.0,60.0,90.0,10.0,100.0,12.0,Bad
63.0,22.0,97.0,30.0,56.0,1.0,Good
2.0,20.0,92.0,13.0,20.0,2.0,Good
84.0,1.0,80.0,15.0,82.0,13.0,Bad
4.0,33.0,96.0,23.0,45.0,3.0,Bad
59.0,2.0,79.0,24.0,82.0,1.0,Good
50.0,27.0,92.0,12.0,88.0,0.0,Bad
48.0,11.0,96.0,24.0,78.0,3.0,Good
4.0,44.0,95.0,22.0,63.0,2.0,Good
82.0,81.0,95.0,22.0,90.0,1.0,Bad
16.0,0.0,79.0,24.0,80.0,3.0,Bad
59.0,57.0,93.0,15.0,88.0,0.0,Bad
52.0,2.0,76.0,23.0,82.0,7.0,Good
20.0,81.0,95.0,20.0,40.0,1.0,Good
2.0,66.0,97.0,34.0,44.0,10.0,Good
49.0,46.0,92.0,12.0,75.0,5.0,Bad
53.0,23.0,93.0,15.0,100.0,5.0,Bad
8.0,62.0,97.0,34.0,33.0,20.0,Good
89.0,1.0,67.0,9.0,86.0,11.0,Good
65.0,73.0,90.0,42.0,87.0,1.0,Good
22.0,12.0,95.0,19.0,82.0,3.0,Good
38.0,16.0,96.0,27.0,70.0,0.0,Bad
69.0,41.0,97.0,35.0,67.0,3.0,Good
19.0,6.0,96.0,49.0,75.0,1.0,Bad
23.0,14.0,89.0,9.0,71.0,13.0,Good
63.0,3.0,62.0,34.0,88.0,5.0,Bad
42.0,29.0,96.0,28.0,73.0,6.0,Good
9.0,77.0,97.0,32.0,50.0,2.0,Good
31.0,67.0,98.0,64.0,59.0,0.0,Good
28.0,41.0,94.0,34.0,77.0,8.0,Good
57.0,3.0,89.0,27.0,92.0,0.0,Bad
3.0,11.0,83.0,19.0,38.0,3.0,Bad
79.0,26.0,93.0,14.0,100.0,7.0,Good
15.0,61.0,98.0,58.0,59.0,12.0,Good
45.0,1.0,88.0,42.0,83.0,3.0,Good
50.0,19.0,94.0,16.0,88.0,0.0,Bad
47.0,51.0,70.0,10.0,86.0,2.0,Good
15.0,8.0,97.0,38.0,10.0,3.0,Good
21.0,0.0,86.0,22.0,55.0,14.0,Bad
37.0,23.0,85.0,13.0,86.0,16.0,Good
58.0,31.0,95.0,63.0,77.0,0.0,Good
31.0,22.0,88.0,17.0,83.0,10.0,Good
92.0,25.0,94.0,32.0,89.0,11.0,Bad
21.0,2.0,74.0,50.0,53.0,2.0,Bad
10.0,62.0,98.0,43.0,47.0,0.0,Good
5.0,72.0,98.0,51.0,38.0,5.0,Good
36.0,6.0,82.0,17.0,70.0,0.0,Bad
16.0,12.0,81.0,22.0,55.0,23.0,Good
23.0,1.0,55.0,11.0,80.0,8.0,Good
5.0,6.0,97.0,39.0,47.0,1.0,Bad
0.0,52.0,95.0,22.0,67.0,8.0,Good
94.0,1.0,94.0,35.0,86.0,0.0,Bad
39.0,78.0,93.0,28.0,64.0,0.0,Good
45.0,35.0,96.0,26.0,84.0,7.0,Bad
3.0,25.0,90.0,40.0,59.0,0.0,Good
55.0,10.0,97.0,39.0,80.0,2.0,Good
36.0,5.0,88.0,25.0,85.0,3.0,Bad
8.0,38.0,93.0,46.0,42.0,0.0,Bad
21.0,58.0,98.0,45.0,100.0,5.0,Good
0.0,18.0,98.0,47.0,40.0,5.0,Good
36.0,1.0,75.0,14.0,75.0,0.0,Bad
6.0,24.0,98.0,67.0,52.0,1.0,Good
0.0,36.0,94.0,17.0,50.0,1.0,Good
19.0,13.0,89.0,19.0,80.0,20.0,Bad
22.0,14.0,96.0,26.0,33.0,17.0,Good
18.0,0.0,86.0,37.0,64.0,2.0,Bad
60.0,2.0,93.0,44.0,86.0,7.0,Bad
59.0,5.0,76.0,17.0,83.0,15.0,Bad
33.0,2.0,77.0,26.0,67.0,7.0,Bad
64.0,22.0,97.0,36.0,71.0,0.0,Bad
16.0,13.0,91.0,23.0,83.0,0.0,Bad
16.0,11.0,38.0,13.0,83.0,0.0,Bad
29.0,24.0,95.0,39.0,81.0,0.0,Bad
30.0,31.0,84.0,44.0,35.0,0.0,Good
89.0,4.0,94.0,17.0,75.0,0.0,Bad
46.0,1.0,70.0,24.0,72.0,4.0,Bad
79.0,3.0,91.0,33.0,91.0,16.0,Bad
98.0,3.0,79.0,14.0,86.0,16.0,Bad
13.0,55.0,89.0,9.0,100.0,0.0,Bad
21.0,67.0,98.0,44.0,59.0,6.0,Good
61.0,25.0,82.0,33.0,88.0,0.0,Bad
10.0,3.0,94.0,17.0,50.0,0.0,Bad
14.0,2.0,97.0,30.0,69.0,1.0,Good
6.0,2.0,95.0,42.0,48.0,0.0,Good
61.0,43.0,97.0,32.0,62.0,1.0,Good
14.0,21.0,93.0,29.0,46.0,0.0,Good
46.0,77.0,96.0,46.0,60.0,0.0,Bad
56.0,7.0,75.0,4.0,100.0,0.0,Bad
35.0,23.0,84.0,20.0,57.0,0.0,Bad
19.0,3.0,81.0,27.0,44.0,0.0,Bad
0.0,30.0,94.0,16.0,45.0,0.0,Bad
93.0,12.0,57.0,7.0,83.0,0.0,Bad
19.0,25.0,95.0,19.0,78.0,0.0,Good
39.0,17.0,95.0,22.0,83.0,0.0,Bad
51.0,54.0,95.0,44.0,64.0,0.0,Bad
8.0,12.0,60.0,25.0,60.0,0.0,Bad
7.0,4.0,92.0,26.0,40.0,0.0,Bad
85.0,6.0,90.0,29.0,100.0,0.0,Good
36.0,2.0,89.0,28.0,73.0,0.0,Bad
45.0,13.0,94.0,52.0,70.0,0.0,Good
11.0,66.0,78.0,18.0,83.0,0.0,Good
44.0,2.0,38.0,13.0,83.0,0.0,Bad
48.0,4.0,94.0,17.0,50.0,0.0,Bad
67.0,1.0,78.0,42.0,64.0,0.0,Bad
8.0,70.0,97.0,30.0,50.0,0.0,Good
24.0,10.0,84.0,32.0,85.0,0.0,Bad
24.0,55.0,78.0,18.0,57.0,0.0,Bad
33.0,24.0,98.0,55.0,67.0,0.0,Good
98.0,31.0,81.0,16.0,80.0,0.0,Bad
45.0,18.0,97.0,34.0,71.0,0.0,Bad
97.0,10.0,75.0,4.0,100.0,0.0,Bad
51.0,25.0,89.0,18.0,56.0,0.0,Good
39.0,21.0,94.0,16.0,73.0,0.0,Bad
71.0,49.0,97.0,33.0,82.0,0.0,Bad
64.0,2.0,80.0,41.0,69.0,0.0,Bad
16.0,22.0,93.0,28.0,50.0,0.0,Good
12.0,28.0,97.0,37.0,42.0,0.0,Bad
44.0,62.0,98.0,47.0,50.0,0.0,Bad
7.0,73.0,92.0,15.0,71.0,0.0,Good
34.0,31.0,95.0,22.0,50.0,0.0,Bad
38.0,8.0,71.0,28.0,42.0,0.0,Bad
12.0,1.0,97.0,63.0,71.0,0.0,Good
12.0,34.0,91.0,22.0,25.0,0.0,Bad
60.0,5.0,57.0,14.0,100.0,0.0,Bad
6.0,29.0,97.0,37.0,57.0,0.0,Good
63.0,15.0,80.0,5.0,100.0,0.0,Bad
64.0,0.0,82.0,17.0,55.0,0.0,Bad
72.0,2.0,94.0,34.0,79.0,0.0,Bad
66.0,2.0,90.0,31.0,57.0,0.0,Bad
48.0,1.0,78.0,18.0,88.0,0.0,Bad
66.0,24.0,80.0,20.0,67.0,0.0,Bad
0.0,24.0,96.0,26.0,40.0,0.0,Good
65.0,9.0,93.0,14.0,71.0,0.0,Bad
69.0,25.0,66.0,41.0,88.0,0.0,Bad
64.0,4.0,88.0,43.0,93.0,0.0,Bad
0.0,67.0,93.0,15.0,38.0,0.0,Bad
31.0,0.0,89.0,27.0,67.0,0.0,Bad
11.0,6.0,76.0,25.0,86.0,0.0,Bad
5.0,49.0,96.0,25.0,46.0,0.0,Good
81.0,52.0,92.0,26.0,90.0,0.0,Bad
54.0,1.0,90.0,30.0,55.0,0.0,Good
50.0,9.0,93.0,15.0,71.0,0.0,Good
25.0,2.0,95.0,39.0,47.0,0.0,Bad
41.0,14.0,98.0,57.0,56.0,0.0,Bad
35.0,12.0,97.0,39.0,46.0,0.0,Bad
16.0,15.0,97.0,33.0,75.0,0.0,Bad
88.0,44.0,96.0,51.0,90.0,0.0,Bad
13.0,48.0,94.0,19.0,80.0,0.0,Bad
77.0,57.0,96.0,26.0,71.0,0.0,Good
3.0,4.0,71.0,34.0,52.0,0.0,Good
58.0,18.0,98.0,40.0,56.0,0.0,Bad
24.0,1.0,95.0,22.0,100.0,0.0,Good
56.0,9.0,80.0,5.0,75.0,0.0,Bad
75.0,3.0,93.0,45.0,80.0,0.0,Bad
21.0,26.0,61.0,28.0,50.0,0.0,Good
23.0,41.0,86.0,22.0,69.0,0.0,Good
61.0,56.0,83.0,18.0,100.0,0.0,Bad
24.0,8.0,95.0,19.0,57.0,0.0,Good
56.0,6.0,82.0,22.0,75.0,0.0,Bad
29.0,25.0,93.0,30.0,56.0,0.0,Bad
0.0,17.0,95.0,22.0,57.0,0.0,Bad
60.0,10.0,89.0,37.0,77.0,0.0,Bad
73.0,23.0,90.0,30.0,86.0,0.0,Bad
52.0,1.0,88.0,24.0,73.0,0.0,Good
31.0,59.0,96.0,23.0,61.0,0.0,Good
9.0,5.0,96.0,23.0,92.0,0.0,Good
44.0,4.0,85.0,21.0,89.0,0.0,Bad
36.0,28.0,85.0,29.0,63.0,0.0,Bad
23.0,23.0,82.0,22.0,41.0,0.0,Good
84.0,2.0,89.0,20.0,80.0,0.0,Bad
39.0,4.0,93.0,15.0,67.0,0.0,Bad
39.0,2.0,94.0,31.0,100.0,0.0,Good
61.0,4.0,76.0,17.0,100.0,0.0,Bad
38.0,4.0,87.0,46.0,77.0,0.0,Bad
34.0,59.0,96.0,23.0,100.0,0.0,Good
38.0,43.0,97.0,33.0,58.0,0.0,Bad
49.0,21.0,85.0,26.0,64.0,0.0,Bad
24.0,63.0,98.0,46.0,47.0,0.0,Good
77.0,38.0,85.0,26.0,70.0,0.0,Bad
101.0,10.0,72.0,18.0,100.0,0.0,Bad
40.0,10.0,87.0,23.0,64.0,0.0,Bad
61.0,80.0,94.0,36.0,84.0,0.0,Bad
38.0,57.0,70.0,11.0,100.0,0.0,Bad
78.0,36.0,98.0,53.0,75.0,0.0,Bad
59.0,18.0,96.0,23.0,90.0,0.0,Bad
27.0,0.0,65.0,23.0,50.0,0.0,Bad
38.0,31.0,94.0,17.0,78.0,0.0,Bad
84.0,31.0,90.0,10.0,60.0,0.0,Bad
36.0,5.0,88.0,26.0,86.0,0.0,Bad
19.0,3.0,90.0,39.0,64.0,0.0,Good
4.0,2.0,75.0,20.0,60.0,0.0,Bad
1.0,73.0,97.0,29.0,55.0,0.0,Bad
26.0,1.0,79.0,14.0,71.0,0.0,Bad
11.0,39.0,95.0,21.0,60.0,0.0,Good
54.0,17.0,96.0,24.0,70.0,0.0,Bad
86.0,1.0,75.0,16.0,71.0,0.0,Bad
6.0,30.0,97.0,36.0,55.0,0.0,Good
16.0,22.0,96.0,53.0,39.0,0.0,Good
4.0,3.0,83.0,6.0,80.0,0.0,Good
43.0,5.0,94.0,17.0,67.0,0.0,Good
35.0,80.0,94.0,33.0,46.0,0.0,Bad
5.0,9.0,88.0,17.0,45.0,0.0,Good
22.0,15.0,91.0,22.0,50.0,0.0,Bad
43.0,1.0,86.0,36.0,53.0,0.0,Bad
74.0,2.0,92.0,25.0,82.0,0.0,Bad
59.0,20.0,95.0,20.0,73.0,0.0,Bad
43.0,1.0,85.0,13.0,75.0,0.0,Bad
30.0,8.0,81.0,21.0,82.0,0.0,Bad
65.0,24.0,94.0,31.0,79.0,0.0,Bad
55.0,4.0,97.0,30.0,70.0,0.0,Bad
13.0,19.0,96.0,53.0,25.0,0.0,Good
55.0,14.0,90.0,10.0,86.0,0.0,Bad
26.0,79.0,95.0,20.0,75.0,0.0,Good
62.0,47.0,92.0,24.0,73.0,0.0,Good
9.0,42.0,75.0,9.0,100.0,0.0,Bad
31.0,25.0,90.0,10.0,56.0,0.0,Bad
2.0,3.0,95.0,78.0,70.0,0.0,Good
5.0,22.0,96.0,26.0,37.0,0.0,Bad
61.0,61.0,83.0,24.0,90.0,0.0,Bad
3.0,33.0,92.0,24.0,50.0,0.0,Good
22.0,1.0,86.0,28.0,50.0,0.0,Bad
37.0,17.0,96.0,25.0,43.0,0.0,Good
22.0,5.0,81.0,18.0,50.0,0.0,Bad
54.0,7.0,93.0,28.0,77.0,0.0,Bad
68.0,9.0,80.0,5.0,100.0,0.0,Bad
69.0,11.0,83.0,6.0,100.0,0.0,Good
70.0,50.0,92.0,12.0,83.0,0.0,Bad
0.0,37.0,88.0,25.0,50.0,0.0,Bad
13.0,78.0,98.0,49.0,75.0,0.0,Good
84.0,12.0,95.0,44.0,73.0,0.0,Bad
68.0,24.0,67.0,16.0,83.0,0.0,Bad
63.0,8.0,68.0,25.0,90.0,0.0,Bad
42.0,65.0,94.0,18.0,85.0,0.0,Bad
75.0,41.0,92.0,14.0,86.0,0.0,Bad
1.0,14.0,90.0,20.0,64.0,0.0,Bad
4.0,3.0,80.0,25.0,33.0,0.0,Bad
67.0,24.0,98.0,66.0,93.0,0.0,Bad
38.0,6.0,85.0,28.0,83.0,0.0,Bad
95.0,47.0,78.0,9.0,100.0,0.0,Bad
22.0,4.0,97.0,34.0,81.0,0.0,Bad
115.0,8.0,78.0,9.0,75.0,0.0,Bad
53.0,11.0,91.0,22.0,67.0,0.0,Bad
48.0,13.0,79.0,15.0,100.0,0.0,Bad
39.0,21.0,95.0,21.0,57.0,0.0,Bad
86.0,2.0,96.0,47.0,84.0,0.0,Bad
24.0,6.0,93.0,29.0,67.0,0.0,Bad
17.0,1.0,96.0,46.0,50.0,0.0,Bad
8.0,28.0,89.0,10.0,88.0,0.0,Good
19.0,1.0,95.0,44.0,56.0,0.0,Bad
83.0,5.0,81.0,21.0,89.0,0.0,Bad
0.0,18.0,96.0,25.0,22.0,0.0,Good
55.0,3.0,91.0,35.0,61.0,0.0,Bad
48.0,5.0,71.0,21.0,100.0,0.0,Good
0.0,3.0,25.0,8.0,40.0,0.0,Bad
20.0,10.0,80.0,20.0,78.0,0.0,Bad
87.0,1.0,78.0,18.0,100.0,0.0,Bad
56.0,58.0,74.0,19.0,89.0,0.0,Good
8.0,5.0,85.0,13.0,43.0,0.0,Good
96.0,63.0,94.0,16.0,91.0,0.0,Bad
11.0,67.0,80.0,10.0,100.0,0.0,Bad
29.0,20.0,93.0,28.0,62.0,0.0,Bad
50.0,76.0,98.0,42.0,80.0,0.0,Bad
9.0,33.0,91.0,24.0,53.0,0.0,Bad
93.0,8.0,84.0,20.0,100.0,0.0,Good
59.0,8.0,90.0,12.0,100.0,0.0,Bad
45.0,2.0,95.0,22.0,70.0,0.0,Bad
25.0,8.0,71.0,17.0,75.0,0.0,Bad
59.0,21.0,94.0,35.0,80.0,0.0,Bad
86.0,2.0,79.0,15.0,100.0,0.0,Bad
43.0,10.0,80.0,15.0,100.0,0.0,Bad
43.0,21.0,94.0,52.0,64.0,0.0,Bad
22.0,23.0,59.0,27.0,63.0,0.0,Bad
17.0,4.0,86.0,43.0,48.0,0.0,Bad
60.0,13.0,74.0,31.0,100.0,0.0,Good
0.0,17.0,87.0,30.0,60.0,0.0,Good
66.0,1.0,81.0,27.0,73.0,0.0,Bad
78.0,65.0,96.0,25.0,83.0,0.0,Good
33.0,13.0,91.0,11.0,86.0,0.0,Bad
64.0,12.0,71.0,7.0,83.0,0.0,Bad
10.0,25.0,97.0,29.0,63.0,0.0,Good
38.0,9.0,85.0,27.0,73.0,0.0,Good
76.0,3.0,75.0,9.0,100.0,0.0,Bad
31.0,23.0,81.0,16.0,70.0,0.0,Bad
86.0,13.0,76.0,25.0,100.0,0.0,Bad
60.0,8.0,79.0,38.0,83.0,0.0,Bad
30.0,12.0,87.0,55.0,55.0,0.0,Bad
24.0,17.0,93.0,43.0,76.0,0.0,Bad
20.0,3.0,91.0,33.0,44.0,0.0,Bad
94.0,36.0,77.0,13.0,100.0,0.0,Bad
29.0,4.0,88.0,24.0,58.0,0.0,Bad
58.0,17.0,97.0,30.0,67.0,0.0,Good
58.0,6.0,97.0,39.0,36.0,0.0,Bad
64.0,5.0,94.0,17.0,100.0,0.0,Bad
2.0,7.0,97.0,37.0,32.0,0.0,Good
23.0,2.0,80.0,20.0,64.0,0.0,Good
58.0,8.0,95.0,22.0,89.0,0.0,Bad
10.0,2.0,93.0,30.0,73.0,0.0,Bad
87.0,33.0,96.0,23.0,67.0,0.0,Bad
65.0,18.0,88.0,18.0,44.0,0.0,Bad
19.0,51.0,97.0,31.0,59.0,0.0,Bad
41.0,6.0,62.0,13.0,100.0,0.0,Bad
69.0,6.0,90.0,20.0,75.0,0.0,Bad
88.0,4.0,82.0,28.0,86.0,0.0,Bad
13.0,1.0,91.0,34.0,65.0,0.0,Good
78.0,4.0,92.0,24.0,88.0,0.0,Good
34.0,4.0,75.0,44.0,74.0,0.0,Bad
97.0,25.0,89.0,9.0,100.0,0.0,Bad
19.0,1.0,57.0,14.0,100.0,0.0,Bad
13.0,55.0,93.0,30.0,58.0,0.0,Good
35.0,9.0,92.0,12.0,71.0,0.0,Good
50.0,15.0,95.0,22.0,69.0,0.0,Bad
43.0,5.0,82.0,33.0,90.0,0.0,Bad
49.0,14.0,97.0,30.0,86.0,0.0,Bad
1.0,59.0,95.0,41.0,50.0,0.0,Good
33.0,42.0,98.0,43.0,57.0,0.0,Bad
0.0,15.0,75.0,17.0,25.0,0.0,Good
5.0,7.0,57.0,7.0,67.0,0.0,Bad
74.0,42.0,80.0,10.0,100.0,0.0,Bad
51.0,27.0,93.0,14.0,67.0,0.0,Bad
18.0,32.0,75.0,12.0,75.0,0.0,Bad
105.0,1.0,67.0,21.0,82.0,0.0,Bad
32.0,36.0,94.0,17.0,50.0,0.0,Bad
78.0,12.0,96.0,25.0,87.0,0.0,Good
32.0,1.0,81.0,16.0,64.0,0.0,Bad
51.0,9.0,96.0,23.0,90.0,0.0,Bad
28.0,9.0,94.0,18.0,60.0,0.0,Good
67.0,6.0,94.0,50.0,74.0,0.0,Bad
80.0,6.0,80.0,30.0,88.0,0.0,Bad
5.0,46.0,96.0,23.0,45.0,0.0,Good
13.0,8.0,43.0,16.0,67.0,0.0,Bad
75.0,76.0,96.0,26.0,100.0,0.0,Bad
66.0,52.0,96.0,27.0,88.0,0.0,Bad
26.0,7.0,93.0,27.0,40.0,0.0,Bad
35.0,10.0,83.0,41.0,76.0,0.0,Bad
7.0,1.0,91.0,32.0,55.0,0.0,Bad
12.0,13.0,89.0,19.0,40.0,0.0,Bad
40.0,13.0,87.0,15.0,82.0,0.0,Bad
17.0,7.0,75.0,8.0,100.0,0.0,Bad
5.0,78.0,97.0,30.0,50.0,0.0,Bad
18.0,1.0,93.0,40.0,46.0,0.0,Bad
79.0,39.0,86.0,8.0,100.0,0.0,Bad
4.0,1.0,88.0,32.0,82.0,0.0,Bad
70.0,16.0,93.0,29.0,100.0,0.0,Bad
68.0,42.0,92.0,37.0,78.0,0.0,Bad
54.0,18.0,97.0,37.0,56.0,0.0,Bad
13.0,1.0,80.0,25.0,50.0,0.0,Bad
19.0,0.0,75.0,16.0,75.0,0.0,Good
24.0,4.0,98.0,41.0,44.0,0.0,Bad
37.0,16.0,88.0,16.0,67.0,0.0,Good
67.0,41.0,95.0,22.0,50.0,0.0,Bad
32.0,7.0,92.0,27.0,90.0,0.0,Bad
86.0,11.0,60.0,10.0,100.0,0.0,Bad
33.0,7.0,73.0,2.0,75.0,3.0,Bad
23.0,25.0,68.0,23.0,50.0,2.0,Bad
10.0,15.0,86.0,7.0,33.0,7.0,Good
73.0,26.0,86.0,31.0,83.0,9.0,Good
39.0,19.0,94.0,37.0,78.0,0.0,Bad
1.0,17.0,44.0,9.0,60.0,7.0,Bad
26.0,11.0,85.0,16.0,50.0,0.0,Bad
49.0,3.0,60.0,26.0,70.0,17.0,Bad
72.0,26.0,96.0,44.0,100.0,12.0,Bad
49.0,10.0,88.0,45.0,75.0,2.0,Good
69.0,19.0,94.0,11.0,55.0,0.0,Bad
3.0,12.0,92.0,50.0,58.0,16.0,Good
44.0,9.0,92.0,29.0,54.0,15.0,Bad
84.0,4.0,87.0,22.0,100.0,2.0,Good
65.0,6.0,96.0,30.0,100.0,1.0,Bad
8.0,45.0,96.0,3.0,42.0,0.0,Good
7.0,8.0,82.0,33.0,50.0,6.0,Bad
0.0,28.0,89.0,9.0,83.0,8.0,Good
15.0,3.0,98.0,22.0,60.0,0.0,Bad
58.0,5.0,95.0,2.0,78.0,1.0,Bad
60.0,13.0,67.0,26.0,63.0,1.0,Bad
70.0,10.0,90.0,20.0,75.0,0.0,Bad
0.0,4.0,73.0,26.0,67.0,9.0,Bad
62.0,4.0,86.0,23.0,67.0,4.0,Good
0.0,2.0,82.0,33.0,78.0,0.0,Bad
51.0,11.0,84.0,36.0,69.0,0.0,Good
78.0,51.0,97.0,9.0,91.0,5.0,Bad
50.0,6.0,83.0,37.0,54.0,0.0,Good
74.0,3.0,83.0,8.0,89.0,1.0,Bad
38.0,7.0,96.0,44.0,75.0,5.0,Good
58.0,14.0,87.0,43.0,81.0,3.0,Bad
26.0,4.0,95.0,79.0,33.0,1.0,Bad
0.0,43.0,92.0,47.0,44.0,2.0,Good
35.0,22.0,96.0,47.0,47.0,0.0,Bad
37.0,24.0,97.0,4.0,78.0,0.0,Bad
54.0,34.0,93.0,31.0,63.0,9.0,Good
63.0,12.0,88.0,2.0,45.0,0.0,Bad
41.0,46.0,85.0,2.0,67.0,0.0,Bad
43.0,4.0,82.0,15.0,83.0,12.0,Bad
85.0,76.0,84.0,9.0,82.0,15.0,Bad
2.0,12.0,80.0,15.0,78.0,6.0,Bad
16.0,3.0,89.0,33.0,67.0,3.0,Good
23.0,12.0,96.0,24.0,75.0,4.0,Good
46.0,3.0,93.0,66.0,75.0,6.0,Bad
72.0,18.0,84.0,63.0,73.0,5.0,Bad
53.0,1.0,85.0,28.0,87.0,9.0,Bad
31.0,21.0,93.0,27.0,46.0,0.0,Bad
45.0,14.0,92.0,15.0,60.0,0.0,Good
59.0,1.0,98.0,50.0,62.0,1.0,Good
95.0,1.0,89.0,19.0,67.0,5.0,Bad
7.0,52.0,97.0,57.0,56.0,3.0,Good
76.0,14.0,68.0,34.0,88.0,3.0,Bad
30.0,3.0,74.0,18.0,50.0,0.0,Bad
77.0,31.0,90.0,26.0,100.0,5.0,Bad
24.0,1.0,91.0,38.0,64.0,17.0,Good
55.0,13.0,67.0,17.0,56.0,1.0,Bad
14.0,1.0,94.0,48.0,61.0,0.0,Good
19.0,15.0,98.0,7.0,73.0,4.0,Good
67.0,21.0,82.0,23.0,82.0,0.0,Bad
54.0,48.0,92.0,13.0,100.0,2.0,Bad
86.0,1.0,69.0,21.0,100.0,2.0,Bad
100.0,1.0,75.0,28.0,89.0,1.0,Good
4.0,14.0,84.0,32.0,56.0,2.0,Good
26.0,23.0,91.0,23.0,63.0,0.0,Bad
18.0,64.0,90.0,39.0,55.0,0.0,Bad
41.0,1.0,79.0,41.0,54.0,1.0,Good
8.0,5.0,97.0,23.0,90.0,10.0,Good
61.0,49.0,96.0,17.0,75.0,3.0,Good
27.0,7.0,73.0,28.0,67.0,0.0,Bad
28.0,4.0,74.0,45.0,76.0,12.0,Bad
45.0,3.0,73.0,2.0,56.0,3.0,Bad
52.0,5.0,88.0,60.0,70.0,0.0,Bad
2.0,30.0,94.0,13.0,43.0,9.0,Good
5.0,1.0,95.0,9.0,61.0,8.0,Bad
15.0,12.0,88.0,6.0,75.0,0.0,Bad
52.0,2.0,87.0,29.0,72.0,0.0,Bad
87.0,73.0,95.0,9.0,86.0,3.0,Bad
74.0,14.0,98.0,18.0,74.0,0.0,Bad
14.0,58.0,94.0,16.0,57.0,7.0,Bad
56.0,12.0,93.0,44.0,73.0,0.0,Good
60.0,61.0,94.0,83.0,75.0,1.0,Bad
8.0,36.0,91.0,25.0,67.0,4.0,Bad
37.0,24.0,96.0,4.0,67.0,2.0,Bad
103.0,17.0,80.0,18.0,80.0,1.0,Good
65.0,4.0,80.0,38.0,58.0,9.0,Bad
88.0,1.0,75.0,24.0,90.0,8.0,Bad
18.0,39.0,86.0,29.0,80.0,0.0,Good
2.0,53.0,92.0,20.0,57.0,8.0,Good
86.0,12.0,97.0,12.0,100.0,8.0,Bad
26.0,28.0,87.0,24.0,33.0,1.0,Bad
55.0,1.0,93.0,7.0,65.0,3.0,Bad
58.0,2.0,72.0,9.0,80.0,0.0,Bad
16.0,34.0,96.0,31.0,40.0,4.0,Bad
10.0,33.0,98.0,52.0,67.0,6.0,Good
22.0,42.0,98.0,59.0,52.0,2.0,Bad
7.0,2.0,92.0,16.0,29.0,5.0,Bad
29.0,24.0,82.0,46.0,75.0,3.0,Good
61.0,2.0,91.0,8.0,86.0,0.0,Bad
74.0,49.0,94.0,35.0,67.0,0.0,Bad
4.0,21.0,97.0,7.0,46.0,0.0,Bad
4.0,4.0,92.0,8.0,67.0,4.0,Bad
66.0,53.0,97.0,31.0,84.0,2.0,Bad
62.0,2.0,73.0,22.0,88.0,13.0,Bad
14.0,16.0,96.0,44.0,80.0,0.0,Good
60.0,3.0,95.0,23.0,67.0,4.0,Bad
70.0,14.0,97.0,61.0,70.0,0.0,Bad
86.0,12.0,97.0,35.0,93.0,0.0,Bad
29.0,1.0,97.0,33.0,50.0,4.0,Bad
26.0,10.0,86.0,7.0,80.0,1.0,Good
13.0,40.0,96.0,20.0,85.0,5.0,Good
2.0,38.0,89.0,28.0,56.0,10.0,Good
20.0,3.0,81.0,21.0,89.0,6.0,Bad
49.0,24.0,93.0,40.0,75.0,0.0,Good
0.0,32.0,97.0,38.0,36.0,0.0,Bad
3.0,35.0,96.0,45.0,46.0,11.0,Good
49.0,3.0,83.0,23.0,71.0,0.0,Bad
22.0,3.0,86.0,3.0,56.0,8.0,Good
2.0,2.0,97.0,41.0,36.0,4.0,Good
3.0,16.0,97.0,29.0,38.0,18.0,Good
14.0,18.0,90.0,34.0,64.0,7.0,Bad
2.0,62.0,95.0,5.0,58.0,5.0,Good
2.0,1.0,82.0,5.0,60.0,17.0,Bad
83.0,1.0,98.0,54.0,90.0,1.0,Bad
65.0,30.0,60.0,9.0,100.0,0.0,Bad
5.0,40.0,96.0,51.0,38.0,23.0,Good
38.0,27.0,91.0,22.0,81.0,0.0,Bad
60.0,30.0,95.0,42.0,84.0,3.0,Good
23.0,4.0,93.0,10.0,100.0,2.0,Bad
26.0,12.0,94.0,7.0,55.0,7.0,Good
10.0,23.0,96.0,58.0,33.0,6.0,Good
20.0,42.0,98.0,48.0,69.0,4.0,Good
30.0,6.0,76.0,76.0,78.0,4.0,Bad
0.0,25.0,94.0,16.0,43.0,8.0,Bad
32.0,12.0,93.0,43.0,75.0,9.0,Good
54.0,61.0,95.0,3.0,75.0,3.0,Bad
43.0,10.0,60.0,12.0,95.0,0.0,Good
44.0,19.0,83.0,17.0,70.0,1.0,Good
18.0,10.0,96.0,27.0,45.0,0.0,Good
3.0,22.0,96.0,27.0,54.0,4.0,Good
62.0,1.0,81.0,32.0,86.0,1.0,Bad
6.0,16.0,97.0,37.0,41.0,0.0,Bad
14.0,4.0,96.0,21.0,64.0,0.0,Good
33.0,29.0,95.0,30.0,56.0,13.0,Good
28.0,42.0,93.0,33.0,78.0,2.0,Bad
84.0,45.0,85.0,34.0,89.0,3.0,Good
61.0,42.0,79.0,20.0,50.0,7.0,Good
2.0,11.0,70.0,55.0,46.0,7.0,Good
0.0,40.0,95.0,44.0,36.0,1.0,Good
23.0,65.0,99.0,72.0,37.0,2.0,Good
13.0,23.0,67.0,9.0,50.0,0.0,Bad
88.0,3.0,78.0,37.0,100.0,0.0,Bad
21.0,4.0,77.0,37.0,65.0,1.0,Good
52.0,57.0,97.0,73.0,79.0,0.0,Good
46.0,4.0,80.0,15.0,80.0,0.0,Bad
30.0,62.0,92.0,25.0,40.0,0.0,Good
1.0,50.0,92.0,12.0,38.0,0.0,Good
86.0,70.0,92.0,26.0,100.0,0.0,Bad
6.0,76.0,96.0,26.0,47.0,0.0,Good
49.0,21.0,89.0,19.0,88.0,0.0,Good
32.0,25.0,86.0,14.0,83.0,0.0,Bad
28.0,41.0,87.0,30.0,38.0,0.0,Good
18.0,6.0,92.0,24.0,58.0,0.0,Bad
5.0,25.0,97.0,34.0,73.0,0.0,Good
14.0,16.0,82.0,34.0,44.0,0.0,Good
87.0,14.0,92.0,36.0,92.0,0.0,Bad
50.0,0.0,88.0,33.0,44.0,0.0,Bad
28.0,60.0,95.0,20.0,67.0,0.0,Good
26.0,25.0,97.0,31.0,67.0,0.0,Bad
43.0,5.0,73.0,26.0,74.0,0.0,Bad
37.0,2.0,86.0,29.0,89.0,0.0,Bad
23.0,53.0,96.0,27.0,65.0,0.0,Good
36.0,71.0,93.0,28.0,92.0,0.0,Good
27.0,6.0,95.0,39.0,42.0,0.0,Good
60.0,40.0,96.0,23.0,62.0,0.0,Bad
6.0,26.0,95.0,22.0,40.0,0.0,Good
37.0,59.0,95.0,43.0,77.0,0.0,Good
23.0,25.0,71.0,7.0,80.0,0.0,Bad
46.0,2.0,65.0,20.0,82.0,0.0,Good
75.0,21.0,80.0,25.0,70.0,0.0,Good
12.0,31.0,65.0,19.0,70.0,0.0,Good
61.0,10.0,85.0,52.0,67.0,7.0,Good
70.0,8.0,50.0,11.0,100.0,0.0,Bad
45.0,6.0,93.0,20.0,44.0,0.0,Good
31.0,26.0,91.0,9.0,77.0,13.0,Bad
55.0,19.0,93.0,21.0,56.0,2.0,Bad
41.0,51.0,94.0,9.0,79.0,0.0,Good
20.0,3.0,97.0,12.0,38.0,9.0,Good
10.0,2.0,93.0,57.0,50.0,0.0,Good
84.0,1.0,84.0,11.0,100.0,23.0,Bad
6.0,5.0,89.0,56.0,56.0,0.0,Bad
5.0,19.0,85.0,13.0,50.0,4.0,Bad
15.0,62.0,92.0,18.0,80.0,10.0,Good
21.0,12.0,89.0,1.0,56.0,0.0,Bad
48.0,42.0,97.0,35.0,57.0,8.0,Bad
84.0,8.0,92.0,1.0,67.0,7.0,Bad
27.0,4.0,89.0,37.0,59.0,1.0,Bad
3.0,47.0,96.0,44.0,17.0,6.0,Bad
18.0,3.0,75.0,63.0,80.0,1.0,Bad
7.0,3.0,82.0,2.0,35.0,0.0,Bad
46.0,21.0,84.0,13.0,75.0,1.0,Good
21.0,46.0,98.0,37.0,31.0,0.0,Good
3.0,8.0,82.0,23.0,29.0,0.0,Good
63.0,5.0,94.0,17.0,100.0,18.0,Bad
51.0,17.0,91.0,57.0,56.0,14.0,Good
34.0,11.0,68.0,25.0,71.0,2.0,Bad
38.0,7.0,95.0,83.0,71.0,1.0,Good
39.0,8.0,94.0,8.0,53.0,3.0,Bad
4.0,8.0,77.0,23.0,50.0,8.0,Good
22.0,40.0,94.0,32.0,47.0,9.0,Good
32.0,37.0,91.0,42.0,50.0,3.0,Good
42.0,41.0,97.0,38.0,65.0,0.0,Bad
4.0,4.0,94.0,10.0,43.0,2.0,Good
33.0,1.0,97.0,30.0,73.0,9.0,Good
14.0,28.0,97.0,17.0,50.0,7.0,Good
41.0,4.0,92.0,40.0,65.0,9.0,Good
61.0,21.0,96.0,31.0,82.0,0.0,Good
7.0,5.0,96.0,77.0,38.0,0.0,Good
21.0,8.0,81.0,31.0,73.0,4.0,Bad
10.0,43.0,96.0,54.0,64.0,3.0,Good
38.0,53.0,97.0,12.0,56.0,2.0,Good
31.0,15.0,94.0,17.0,78.0,5.0,Good
62.0,59.0,97.0,12.0,63.0,5.0,Bad
43.0,44.0,94.0,1.0,42.0,0.0,Bad
30.0,44.0,97.0,46.0,36.0,12.0,Good
66.0,22.0,95.0,53.0,70.0,0.0,Good
6.0,11.0,91.0,24.0,31.0,20.0,Good
49.0,0.0,88.0,21.0,91.0,6.0,Bad
22.0,19.0,87.0,17.0,50.0,3.0,Good
42.0,32.0,87.0,9.0,67.0,1.0,Bad
45.0,4.0,91.0,23.0,88.0,4.0,Good
57.0,7.0,94.0,15.0,95.0,15.0,Good
7.0,37.0,77.0,45.0,45.0,2.0,Good
37.0,2.0,88.0,16.0,69.0,4.0,Bad
66.0,5.0,84.0,11.0,71.0,2.0,Bad
66.0,11.0,84.0,34.0,64.0,4.0,Good
39.0,81.0,96.0,34.0,50.0,1.0,Good
63.0,55.0,98.0,74.0,71.0,0.0,Bad
35.0,46.0,96.0,17.0,60.0,0.0,Bad
2.0,2.0,88.0,22.0,44.0,20.0,Good
7.0,73.0,97.0,51.0,54.0,12.0,Good
0.0,6.0,90.0,59.0,31.0,1.0,Bad
27.0,68.0,98.0,30.0,50.0,1.0,Good
51.0,28.0,98.0,30.0,70.0,1.0,Bad
6.0,53.0,89.0,22.0,63.0,5.0,Good
33.0,2.0,97.0,50.0,42.0,6.0,Good
32.0,19.0,97.0,54.0,44.0,0.0,Bad
60.0,10.0,94.0,28.0,92.0,0.0,Bad
26.0,11.0,86.0,24.0,67.0,2.0,Bad
16.0,2.0,71.0,3.0,44.0,0.0,Bad
19.0,76.0,98.0,63.0,71.0,4.0,Good
6.0,8.0,95.0,74.0,53.0,7.0,Good
54.0,11.0,82.0,30.0,56.0,15.0,Good
1.0,4.0,94.0,8.0,31.0,10.0,Good
24.0,11.0,88.0,51.0,39.0,2.0,Good
5.0,11.0,86.0,25.0,68.0,1.0,Good
48.0,3.0,96.0,8.0,50.0,1.0,Bad
70.0,4.0,77.0,12.0,71.0,15.0,Good
60.0,54.0,97.0,29.0,67.0,1.0,Bad
48.0,35.0,92.0,35.0,86.0,3.0,Bad
0.0,1.0,96.0,25.0,43.0,0.0,Good
43.0,69.0,98.0,23.0,60.0,4.0,Good
47.0,19.0,97.0,11.0,63.0,1.0,Bad
27.0,14.0,95.0,27.0,50.0,14.0,Bad
32.0,5.0,98.0,3.0,91.0,1.0,Bad
2.0,0.0,97.0,17.0,32.0,9.0,Good
5.0,1.0,67.0,10.0,83.0,6.0,Bad
35.0,29.0,88.0,10.0,78.0,4.0,Good
10.0,15.0,99.0,100.0,38.0,0.0,Bad
11.0,3.0,93.0,55.0,35.0,0.0,Good
18.0,46.0,96.0,37.0,67.0,1.0,Good
0.0,10.0,83.0,11.0,50.0,0.0,Bad
6.0,13.0,95.0,36.0,47.0,0.0,Bad
6.0,26.0,96.0,30.0,89.0,8.0,Good
49.0,26.0,78.0,41.0,71.0,1.0,Bad
25.0,19.0,81.0,28.0,75.0,5.0,Good
46.0,6.0,90.0,23.0,67.0,0.0,Bad
26.0,0.0,97.0,40.0,39.0,1.0,Good
20.0,6.0,88.0,32.0,90.0,20.0,Good
1.0,45.0,96.0,24.0,43.0,0.0,Good
33.0,3.0,97.0,42.0,73.0,4.0,Good
38.0,9.0,97.0,26.0,53.0,0.0,Bad
37.0,2.0,92.0,23.0,68.0,0.0,Bad
0.0,13.0,95.0,1.0,50.0,2.0,Good
6.0,2.0,86.0,37.0,38.0,2.0,Good
10.0,29.0,97.0,18.0,64.0,1.0,Good
11.0,1.0,96.0,45.0,42.0,2.0,Good
17.0,51.0,96.0,33.0,31.0,8.0,Good
0.0,2.0,94.0,2.0,18.0,4.0,Good
22.0,40.0,95.0,7.0,100.0,1.0,Good
35.0,24.0,93.0,42.0,80.0,0.0,Good
43.0,33.0,97.0,21.0,46.0,2.0,Good
10.0,27.0,88.0,4.0,33.0,0.0,Bad
36.0,8.0,77.0,27.0,80.0,5.0,Bad
15.0,22.0,73.0,14.0,75.0,4.0,Bad
33.0,6.0,93.0,55.0,56.0,0.0,Bad
23.0,0.0,95.0,20.0,88.0,3.0,Bad
6.0,8.0,97.0,15.0,38.0,4.0,Good
3.0,1.0,95.0,24.0,58.0,4.0,Bad
15.0,3.0,67.0,25.0,80.0,2.0,Bad
40.0,48.0,95.0,19.0,80.0,14.0,Good
6.0,37.0,97.0,34.0,47.0,9.0,Good
11.0,12.0,94.0,8.0,57.0,10.0,Good
9.0,41.0,94.0,29.0,60.0,2.0,Good
19.0,1.0,83.0,36.0,63.0,0.0,Good
2.0,34.0,96.0,49.0,64.0,1.0,Good
9.0,55.0,97.0,21.0,47.0,4.0,Bad
0.0,8.0,98.0,54.0,33.0,2.0,Good
33.0,13.0,79.0,20.0,100.0,3.0,Bad
36.0,12.0,98.0,33.0,57.0,3.0,Good
1.0,47.0,98.0,26.0,35.0,2.0,Good
13.0,18.0,98.0,59.0,33.0,0.0,Bad
11.0,30.0,97.0,45.0,33.0,0.0,Good
5.0,70.0,96.0,40.0,56.0,0.0,Good
53.0,55.0,96.0,23.0,85.0,12.0,Good
3.0,34.0,89.0,9.0,43.0,0.0,Good
6.0,79.0,97.0,19.0,41.0,3.0,Good
60.0,5.0,67.0,6.0,67.0,0.0,Bad
8.0,34.0,84.0,38.0,56.0,1.0,Bad
46.0,32.0,93.0,4.0,57.0,0.0,Good
50.0,2.0,88.0,39.0,70.0,1.0,Bad
4.0,8.0,91.0,7.0,63.0,11.0,Bad
0.0,11.0,96.0,30.0,50.0,22.0,Good
6.0,36.0,92.0,6.0,33.0,4.0,Good
16.0,29.0,96.0,39.0,47.0,3.0,Good
9.0,76.0,98.0,14.0,48.0,9.0,Good
14.0,42.0,95.0,18.0,60.0,5.0,Good
12.0,8.0,92.0,29.0,70.0,6.0,Bad
43.0,37.0,96.0,14.0,79.0,2.0,Good
42.0,19.0,89.0,18.0,58.0,0.0,Good
7.0,15.0,89.0,23.0,67.0,3.0,Good
37.0,10.0,89.0,22.0,100.0,0.0,Bad
21.0,3.0,95.0,50.0,46.0,6.0,Good
6.0,56.0,97.0,38.0,27.0,5.0,Good
14.0,42.0,97.0,29.0,50.0,11.0,Good
24.0,15.0,95.0,16.0,80.0,9.0,Good
20.0,7.0,97.0,60.0,49.0,3.0,Bad
2.0,10.0,90.0,13.0,55.0,1.0,Bad
15.0,16.0,92.0,23.0,83.0,2.0,Bad
39.0,12.0,78.0,26.0,63.0,0.0,Bad
20.0,1.0,69.0,55.0,57.0,2.0,Bad
27.0,15.0,77.0,26.0,56.0,0.0,Bad
64.0,7.0,90.0,35.0,92.0,0.0,Bad
13.0,13.0,97.0,37.0,62.0,3.0,Good
2.0,10.0,84.0,43.0,23.0,0.0,Bad
2.0,15.0,97.0,44.0,42.0,0.0,Bad
23.0,0.0,86.0,23.0,75.0,11.0,Bad
40.0,7.0,67.0,9.0,67.0,5.0,Bad
2.0,8.0,95.0,22.0,50.0,9.0,Bad
20.0,11.0,93.0,44.0,52.0,2.0,Bad
2.0,14.0,95.0,40.0,39.0,0.0,Bad
5.0,12.0,97.0,37.0,40.0,9.0,Bad
15.0,0.0,95.0,20.0,54.0,0.0,Bad
78.0,3.0,64.0,15.0,100.0,2.0,Bad
50.0,6.0,96.0,14.0,81.0,0.0,Bad
89.0,0.0,83.0,7.0,94.0,7.0,Bad
57.0,7.0,76.0,3.0,50.0,2.0,Bad
47.0,35.0,97.0,51.0,85.0,5.0,Bad
78.0,16.0,96.0,16.0,83.0,0.0,Bad
50.0,14.0,88.0,32.0,83.0,0.0,Good
23.0,50.0,94.0,31.0,58.0,0.0,Bad
53.0,32.0,89.0,56.0,83.0,0.0,Bad
62.0,13.0,95.0,22.0,70.0,0.0,Bad
13.0,3.0,86.0,14.0,56.0,0.0,Bad
97.0,50.0,90.0,10.0,100.0,0.0,Bad
58.0,30.0,93.0,15.0,64.0,0.0,Bad
6.0,22.0,83.0,18.0,71.0,0.0,Good
40.0,78.0,89.0,9.0,78.0,0.0,Bad
25.0,4.0,79.0,39.0,59.0,0.0,Bad
49.0,2.0,91.0,45.0,50.0,0.0,Bad
53.0,56.0,90.0,21.0,89.0,0.0,Bad
6.0,25.0,95.0,22.0,69.0,0.0,Bad
43.0,35.0,92.0,26.0,64.0,0.0,Bad
89.0,19.0,72.0,29.0,81.0,0.0,Bad
8.0,12.0,78.0,19.0,60.0,0.0,Good
44.0,37.0,96.0,27.0,92.0,0.0,Bad
49.0,50.0,85.0,13.0,67.0,0.0,Bad
92.0,54.0,93.0,15.0,91.0,0.0,Bad
99.0,56.0,86.0,29.0,78.0,0.0,Good
9.0,28.0,82.0,12.0,50.0,0.0,Good
87.0,39.0,95.0,19.0,80.0,0.0,Bad
56.0,37.0,88.0,34.0,65.0,0.0,Bad
71.0,14.0,88.0,34.0,29.0,0.0,Bad
63.0,74.0,94.0,16.0,86.0,0.0,Good
32.0,15.0,83.0,18.0,86.0,0.0,Bad
99.0,17.0,53.0,19.0,100.0,0.0,Bad
20.0,5.0,91.0,22.0,36.0,0.0,Bad
19.0,29.0,93.0,28.0,42.0,0.0,Bad
1.0,15.0,88.0,17.0,40.0,0.0,Bad
27.0,14.0,85.0,27.0,79.0,0.0,Bad
60.0,2.0,82.0,17.0,100.0,0.0,Bad
44.0,18.0,89.0,29.0,65.0,0.0,Good
80.0,14.0,91.0,34.0,59.0,0.0,Bad
81.0,1.0,96.0,24.0,89.0,0.0,Bad
1.0,24.0,96.0,26.0,46.0,0.0,Bad
97.0,64.0,75.0,16.0,100.0,0.0,Bad
63.0,24.0,92.0,13.0,80.0,0.0,Bad
39.0,53.0,94.0,18.0,83.0,0.0,Bad
76.0,0.0,84.0,38.0,90.0,0.0,Bad
30.0,5.0,79.0,14.0,60.0,0.0,Bad
19.0,4.0,88.0,27.0,44.0,0.0,Good
50.0,76.0,92.0,24.0,57.0,0.0,Good
88.0,37.0,92.0,13.0,80.0,0.0,Bad
55.0,18.0,85.0,20.0,67.0,0.0,Bad
29.0,55.0,86.0,21.0,67.0,0.0,Bad
66.0,3.0,83.0,6.0,83.0,0.0,Bad
27.0,1.0,71.0,17.0,45.0,0.0,Bad
53.0,1.0,70.0,23.0,77.0,0.0,Bad
72.0,2.0,92.0,37.0,100.0,0.0,Good
29.0,40.0,87.0,15.0,70.0,0.0,Bad
41.0,1.0,84.0,25.0,55.0,0.0,Bad
28.0,19.0,95.0,23.0,100.0,0.0,Bad
20.0,2.0,84.0,32.0,33.0,0.0,Good
75.0,1.0,87.0,45.0,63.0,0.0,Bad
76.0,4.0,95.0,21.0,65.0,0.0,Bad
3.0,69.0,93.0,14.0,33.0,0.0,Bad
91.0,25.0,83.0,6.0,100.0,0.0,Bad
46.0,8.0,98.0,40.0,71.0,0.0,Bad
0.0,12.0,92.0,24.0,25.0,0.0,Bad
6.0,25.0,97.0,29.0,69.0,0.0,Good
31.0,52.0,93.0,30.0,70.0,0.0,Good
34.0,16.0,97.0,33.0,45.0,0.0,Good
17.0,72.0,94.0,36.0,25.0,0.0,Bad
23.0,51.0,90.0,20.0,18.0,0.0,Bad
0.0,51.0,97.0,39.0,35.0,0.0,Good
21.0,45.0,92.0,24.0,70.0,0.0,Bad
76.0,5.0,83.0,18.0,91.0,0.0,Bad
53.0,8.0,88.0,17.0,83.0,0.0,Bad
34.0,13.0,94.0,19.0,67.0,0.0,Bad
29.0,63.0,73.0,15.0,83.0,0.0,Bad
86.0,20.0,87.0,15.0,58.0,0.0,Bad
25.0,20.0,92.0,26.0,38.0,0.0,Bad
42.0,9.0,76.0,33.0,73.0,0.0,Bad
59.0,7.0,95.0,59.0,83.0,0.0,Bad
67.0,24.0,86.0,28.0,89.0,0.0,Bad
23.0,2.0,81.0,47.0,58.0,0.0,Bad
36.0,11.0,97.0,32.0,100.0,0.0,Bad
67.0,21.0,88.0,25.0,78.0,0.0,Bad
91.0,3.0,92.0,13.0,100.0,0.0,Bad
73.0,70.0,94.0,17.0,100.0,0.0,Good
90.0,44.0,94.0,16.0,100.0,0.0,Bad
71.0,1.0,94.0,31.0,62.0,0.0,Bad
42.0,3.0,70.0,20.0,73.0,0.0,Good
88.0,6.0,80.0,30.0,93.0,0.0,Bad
12.0,37.0,84.0,19.0,50.0,0.0,Bad
66.0,3.0,80.0,59.0,77.0,0.0,Bad
61.0,3.0,92.0,24.0,69.0,0.0,Good
19.0,35.0,83.0,18.0,64.0,0.0,Good
46.0,12.0,75.0,16.0,75.0,0.0,Bad
52.0,57.0,95.0,20.0,63.0,0.0,Bad
14.0,25.0,93.0,29.0,62.0,0.0,Good
69.0,10.0,88.0,24.0,83.0,0.0,Bad
81.0,8.0,90.0,42.0,100.0,0.0,Bad
22.0,22.0,93.0,55.0,67.0,0.0,Good
4.0,27.0,94.0,16.0,64.0,0.0,Bad
62.0,9.0,95.0,21.0,78.0,0.0,Bad
5.0,4.0,84.0,64.0,37.0,0.0,Good
58.0,1.0,88.0,17.0,75.0,0.0,Bad
9.0,16.0,83.0,23.0,53.0,0.0,Bad
86.0,6.0,93.0,14.0,100.0,0.0,Bad
2.0,2.0,76.0,34.0,50.0,0.0,Good
7.0,73.0,84.0,25.0,71.0,0.0,Good
4.0,42.0,94.0,16.0,55.0,0.0,Good
57.0,30.0,88.0,17.0,70.0,0.0,Bad
46.0,32.0,94.0,17.0,86.0,0.0,Bad
100.0,39.0,29.0,7.0,100.0,0.0,Good
8.0,33.0,95.0,21.0,86.0,0.0,Good
15.0,9.0,88.0,26.0,47.0,0.0,Bad
0.0,9.0,84.0,25.0,50.0,0.0,Bad
47.0,25.0,72.0,36.0,88.0,0.0,Bad
80.0,11.0,74.0,19.0,80.0,0.0,Bad
41.0,10.0,89.0,18.0,58.0,0.0,Bad
32.0,4.0,96.0,23.0,77.0,0.0,Bad
43.0,11.0,83.0,18.0,56.0,0.0,Bad
41.0,8.0,79.0,29.0,73.0,0.0,Bad
11.0,4.0,75.0,16.0,38.0,0.0,Bad
5.0,2.0,96.0,57.0,25.0,0.0,Bad
23.0,38.0,86.0,7.0,80.0,0.0,Good
44.0,10.0,88.0,16.0,88.0,0.0,Good
55.0,6.0,89.0,28.0,78.0,0.0,Bad
28.0,69.0,94.0,18.0,63.0,0.0,Good
30.0,28.0,89.0,18.0,80.0,0.0,Good
17.0,3.0,91.0,32.0,52.0,0.0,Bad
10.0,9.0,88.0,32.0,45.0,0.0,Bad
35.0,8.0,94.0,32.0,62.0,0.0,Bad
52.0,6.0,50.0,10.0,100.0,0.0,Bad
4.0,13.0,94.0,34.0,69.0,0.0,Good
70.0,5.0,90.0,21.0,80.0,0.0,Bad
94.0,20.0,94.0,16.0,86.0,0.0,Bad
74.0,6.0,81.0,26.0,64.0,0.0,Bad
90.0,58.0,80.0,35.0,94.0,0.0,Bad
7.0,16.0,96.0,27.0,73.0,0.0,Bad
44.0,1.0,76.0,33.0,80.0,0.0,Bad
58.0,1.0,96.0,27.0,67.0,0.0,Bad
103.0,11.0,71.0,7.0,100.0,17.0,Bad
86.0,9.0,96.0,27.0,87.0,2.0,Bad
14.0,5.0,92.0,13.0,40.0,0.0,Bad
28.0,62.0,94.0,17.0,58.0,0.0,Good
12.0,16.0,98.0,40.0,71.0,5.0,Good
0.0,17.0,94.0,17.0,25.0,5.0,Good
41.0,42.0,86.0,29.0,67.0,13.0,Good
11.0,24.0,94.0,34.0,64.0,1.0,Good
4.0,41.0,46.0,13.0,100.0,2.0,Good
12.0,16.0,74.0,29.0,57.0,4.0,Bad
69.0,9.0,83.0,12.0,83.0,0.0,Bad
64.0,19.0,76.0,17.0,89.0,1.0,Bad
40.0,9.0,95.0,41.0,85.0,0.0,Bad
59.0,3.0,96.0,26.0,69.0,0.0,Good
70.0,15.0,92.0,26.0,68.0,11.0,Bad
81.0,6.0,81.0,22.0,83.0,0.0,Bad
71.0,68.0,94.0,16.0,92.0,1.0,Bad
55.0,13.0,91.0,11.0,90.0,0.0,Bad
93.0,41.0,96.0,24.0,77.0,0.0,Bad
1.0,46.0,96.0,56.0,44.0,0.0,Good
3.0,32.0,95.0,20.0,55.0,19.0,Good
35.0,28.0,96.0,25.0,67.0,9.0,Bad
63.0,8.0,79.0,24.0,77.0,0.0,Bad
54.0,30.0,96.0,47.0,63.0,5.0,Good
48.0,29.0,93.0,15.0,75.0,5.0,Good
55.0,26.0,94.0,34.0,79.0,2.0,Good
9.0,3.0,92.0,13.0,75.0,2.0,Good
76.0,11.0,81.0,37.0,71.0,1.0,Bad
76.0,55.0,95.0,22.0,86.0,1.0,Bad
54.0,31.0,95.0,19.0,63.0,16.0,Good
4.0,6.0,81.0,32.0,78.0,1.0,Good
1.0,20.0,97.0,39.0,55.0,1.0,Bad
9.0,25.0,93.0,14.0,43.0,1.0,Bad
0.0,7.0,88.0,17.0,56.0,0.0,Good
74.0,69.0,98.0,45.0,100.0,2.0,Bad
53.0,46.0,90.0,10.0,90.0,4.0,Bad
67.0,1.0,89.0,27.0,75.0,11.0,Bad
68.0,1.0,94.0,17.0,100.0,9.0,Bad
7.0,5.0,96.0,27.0,67.0,1.0,Bad
59.0,55.0,90.0,10.0,75.0,1.0,Bad
15.0,1.0,62.0,29.0,63.0,1.0,Bad
33.0,12.0,76.0,29.0,50.0,15.0,Bad
79.0,21.0,86.0,42.0,82.0,5.0,Good
14.0,1.0,94.0,49.0,52.0,0.0,Bad
0.0,12.0,95.0,21.0,50.0,12.0,Bad
39.0,28.0,95.0,63.0,56.0,0.0,Bad
0.0,14.0,98.0,46.0,25.0,0.0,Good
91.0,1.0,92.0,13.0,75.0,0.0,Good
49.0,18.0,83.0,6.0,100.0,4.0,Bad
73.0,17.0,88.0,33.0,73.0,16.0,Bad
35.0,13.0,97.0,71.0,75.0,20.0,Good
0.0,41.0,94.0,16.0,38.0,5.0,Good
74.0,65.0,96.0,49.0,73.0,7.0,Good
10.0,59.0,93.0,45.0,45.0,0.0,Bad
18.0,9.0,94.0,36.0,44.0,11.0,Bad
37.0,8.0,82.0,22.0,57.0,5.0,Good
53.0,6.0,86.0,21.0,73.0,3.0,Bad
11.0,8.0,92.0,36.0,87.0,0.0,Good
64.0,44.0,74.0,38.0,90.0,5.0,Good
54.0,4.0,90.0,23.0,60.0,0.0,Bad
39.0,50.0,93.0,15.0,90.0,12.0,Bad
27.0,44.0,82.0,22.0,69.0,0.0,Good
73.0,11.0,93.0,14.0,100.0,0.0,Bad
26.0,21.0,89.0,18.0,78.0,0.0,Bad
52.0,9.0,93.0,28.0,86.0,0.0,Bad
35.0,6.0,86.0,21.0,73.0,0.0,Bad
32.0,4.0,92.0,13.0,70.0,0.0,Good
47.0,24.0,95.0,20.0,60.0,0.0,Good
27.0,40.0,97.0,29.0,50.0,0.0,Bad
64.0,2.0,96.0,25.0,50.0,3.0,Good
5.0,23.0,70.0,20.0,60.0,1.0,Good
11.0,6.0,86.0,22.0,100.0,1.0,Good
28.0,3.0,80.0,31.0,53.0,12.0,Good
27.0,6.0,63.0,44.0,64.0,6.0,Bad
28.0,20.0,96.0,27.0,56.0,2.0,Bad
39.0,0.0,87.0,30.0,55.0,0.0,Bad
45.0,20.0,98.0,49.0,82.0,2.0,Bad
47.0,36.0,96.0,25.0,67.0,6.0,Good
33.0,24.0,91.0,23.0,71.0,1.0,Good
12.0,12.0,96.0,25.0,29.0,4.0,Bad
27.0,11.0,77.0,23.0,50.0,14.0,Bad
0.0,9.0,87.0,15.0,60.0,18.0,Good
0.0,28.0,96.0,26.0,57.0,3.0,Good
37.0,5.0,87.0,15.0,64.0,3.0,Bad
8.0,3.0,86.0,22.0,75.0,0.0,Good
89.0,6.0,89.0,20.0,83.0,20.0,Bad
27.0,8.0,83.0,12.0,60.0,3.0,Good
13.0,3.0,85.0,27.0,46.0,7.0,Good
3.0,33.0,98.0,50.0,25.0,7.0,Good
26.0,18.0,93.0,29.0,54.0,10.0,Good
51.0,4.0,76.0,30.0,80.0,4.0,Bad
47.0,72.0,79.0,14.0,100.0,8.0,Good
0.0,27.0,94.0,18.0,43.0,16.0,Good
32.0,26.0,86.0,22.0,64.0,1.0,Bad
56.0,4.0,92.0,39.0,83.0,2.0,Good
2.0,47.0,96.0,24.0,25.0,0.0,Good
37.0,13.0,93.0,14.0,71.0,7.0,Bad
8.0,59.0,92.0,13.0,67.0,1.0,Good
65.0,6.0,96.0,23.0,100.0,14.0,Good
49.0,59.0,97.0,37.0,83.0,13.0,Good
12.0,78.0,96.0,25.0,53.0,5.0,Good
25.0,4.0,80.0,21.0,46.0,6.0,Good
29.0,6.0,95.0,22.0,63.0,1.0,Bad
63.0,15.0,93.0,44.0,71.0,0.0,Good
8.0,24.0,90.0,10.0,67.0,3.0,Bad
93.0,3.0,89.0,9.0,100.0,16.0,Bad
16.0,36.0,97.0,34.0,45.0,6.0,Good
83.0,1.0,89.0,36.0,50.0,0.0,Good
55.0,0.0,89.0,45.0,63.0,0.0,Bad
48.0,53.0,97.0,31.0,81.0,9.0,Bad
54.0,35.0,91.0,34.0,64.0,1.0,Bad
14.0,27.0,96.0,26.0,62.0,3.0,Good
0.0,16.0,75.0,12.0,100.0,12.0,Good
53.0,27.0,94.0,32.0,50.0,1.0,Good
6.0,26.0,95.0,20.0,77.0,2.0,Good
6.0,34.0,88.0,25.0,50.0,1.0,Good
36.0,6.0,93.0,31.0,67.0,2.0,Good
14.0,19.0,90.0,30.0,75.0,2.0,Good
75.0,26.0,88.0,26.0,75.0,13.0,Bad
8.0,1.0,73.0,23.0,69.0,0.0,Bad
63.0,4.0,83.0,30.0,84.0,14.0,Bad
7.0,36.0,92.0,26.0,57.0,5.0,Good
31.0,15.0,94.0,33.0,77.0,4.0,Good
54.0,36.0,78.0,9.0,83.0,7.0,Good
33.0,44.0,93.0,27.0,82.0,0.0,Good
30.0,0.0,95.0,22.0,47.0,0.0,Bad
29.0,40.0,95.0,19.0,88.0,0.0,Bad
13.0,62.0,96.0,52.0,62.0,0.0,Good
0.0,56.0,97.0,31.0,36.0,0.0,Good
44.0,2.0,94.0,34.0,73.0,1.0,Bad
3.0,18.0,95.0,40.0,20.0,1.0,Good
43.0,43.0,95.0,20.0,71.0,6.0,Bad
29.0,1.0,91.0,35.0,50.0,0.0,Bad
83.0,41.0,91.0,22.0,79.0,1.0,Bad
42.0,17.0,79.0,28.0,45.0,1.0,Bad
5.0,1.0,92.0,12.0,75.0,0.0,Bad
64.0,4.0,67.0,21.0,100.0,0.0,Bad
72.0,2.0,85.0,26.0,92.0,0.0,Bad
72.0,2.0,87.0,31.0,88.0,0.0,Bad
60.0,40.0,60.0,15.0,86.0,0.0,Bad
40.0,78.0,92.0,13.0,100.0,0.0,Bad
21.0,22.0,95.0,21.0,67.0,0.0,Bad
53.0,1.0,76.0,34.0,75.0,0.0,Bad
46.0,22.0,89.0,18.0,75.0,3.0,Bad
51.0,20.0,89.0,32.0,73.0,15.0,Good
68.0,53.0,96.0,24.0,85.0,16.0,Bad
91.0,2.0,68.0,25.0,82.0,6.0,Good
67.0,71.0,91.0,32.0,91.0,0.0,Good
34.0,17.0,94.0,52.0,50.0,1.0,Good
48.0,5.0,96.0,26.0,50.0,8.0,Good
50.0,1.0,88.0,8.0,80.0,0.0,Bad
48.0,1.0,86.0,21.0,75.0,0.0,Bad
24.0,21.0,89.0,27.0,92.0,0.0,Bad
45.0,8.0,97.0,32.0,57.0,0.0,Bad
0.0,13.0,78.0,19.0,40.0,0.0,Bad
12.0,8.0,98.0,43.0,64.0,0.0,Good
52.0,3.0,97.0,30.0,100.0,0.0,Bad
94.0,32.0,87.0,30.0,100.0,0.0,Bad
43.0,3.0,96.0,28.0,78.0,0.0,Bad
99.0,32.0,91.0,23.0,100.0,0.0,Bad
48.0,5.0,86.0,35.0,62.0,0.0,Bad
4.0,41.0,92.0,25.0,75.0,1.0,Bad
41.0,6.0,98.0,48.0,80.0,0.0,Bad
49.0,20.0,81.0,16.0,100.0,0.0,Bad
38.0,4.0,47.0,19.0,57.0,5.0,Bad
48.0,38.0,96.0,25.0,70.0,4.0,Good
11.0,1.0,96.0,25.0,67.0,1.0,Bad
16.0,42.0,98.0,43.0,73.0,1.0,Good
62.0,4.0,82.0,34.0,78.0,19.0,Good
82.0,3.0,77.0,22.0,88.0,5.0,Good
38.0,11.0,90.0,41.0,56.0,8.0,Bad
73.0,8.0,88.0,8.0,80.0,0.0,Good
28.0,10.0,83.0,24.0,70.0,0.0,Good
30.0,12.0,82.0,13.0,100.0,0.0,Bad
49.0,7.0,96.0,25.0,75.0,0.0,Bad
59.0,8.0,97.0,38.0,69.0,0.0,Bad
82.0,23.0,84.0,32.0,73.0,0.0,Bad
0.0,76.0,96.0,23.0,57.0,0.0,Good
4.0,30.0,89.0,28.0,45.0,0.0,Good
0.0,4.0,97.0,35.0,38.0,0.0,Good
32.0,5.0,84.0,19.0,75.0,0.0,Bad
17.0,5.0,92.0,36.0,41.0,0.0,Good
73.0,7.0,67.0,15.0,100.0,0.0,Good
32.0,5.0,76.0,21.0,80.0,0.0,Bad
70.0,5.0,86.0,21.0,75.0,0.0,Good
17.0,0.0,85.0,27.0,75.0,0.0,Bad
44.0,15.0,98.0,54.0,55.0,0.0,Bad
88.0,4.0,92.0,13.0,89.0,0.0,Bad
77.0,8.0,96.0,26.0,100.0,0.0,Bad
67.0,2.0,72.0,19.0,100.0,0.0,Bad
70.0,3.0,65.0,20.0,64.0,0.0,Bad
17.0,8.0,73.0,37.0,62.0,0.0,Bad
25.0,6.0,85.0,26.0,63.0,0.0,Bad
29.0,12.0,89.0,19.0,88.0,0.0,Bad
27.0,8.0,83.0,12.0,83.0,0.0,Bad
60.0,38.0,88.0,33.0,75.0,0.0,Bad
62.0,11.0,95.0,22.0,89.0,0.0,Bad
67.0,1.0,94.0,31.0,86.0,0.0,Bad
54.0,0.0,96.0,23.0,92.0,0.0,Bad
40.0,3.0,88.0,17.0,100.0,0.0,Bad
27.0,8.0,70.0,24.0,82.0,0.0,Bad
46.0,6.0,92.0,49.0,67.0,0.0,Bad
84.0,6.0,67.0,9.0,75.0,0.0,Bad
41.0,26.0,81.0,16.0,100.0,0.0,Bad
54.0,6.0,91.0,35.0,69.0,0.0,Bad
78.0,4.0,95.0,22.0,79.0,0.0,Bad
47.0,27.0,94.0,35.0,92.0,0.0,Good
60.0,2.0,93.0,29.0,60.0,0.0,Bad
1.0,25.0,97.0,35.0,36.0,0.0,Bad
32.0,3.0,78.0,9.0,83.0,0.0,Bad
75.0,9.0,74.0,23.0,100.0,0.0,Bad
77.0,2.0,67.0,12.0,100.0,0.0,Bad
0.0,23.0,97.0,34.0,33.0,0.0,Good
17.0,5.0,90.0,10.0,89.0,0.0,Bad
51.0,20.0,95.0,37.0,69.0,0.0,Bad
20.0,6.0,92.0,39.0,72.0,0.0,Bad
53.0,1.0,94.0,17.0,60.0,0.0,Bad
81.0,79.0,67.0,8.0,75.0,0.0,Bad
31.0,1.0,92.0,24.0,73.0,0.0,Good
33.0,5.0,64.0,25.0,58.0,0.0,Bad
0.0,24.0,91.0,45.0,58.0,0.0,Bad
31.0,11.0,90.0,20.0,60.0,0.0,Bad
21.0,30.0,93.0,15.0,44.0,0.0,Bad
60.0,5.0,75.0,31.0,64.0,0.0,Good
44.0,1.0,90.0,11.0,86.0,3.0,Bad
8.0,13.0,73.0,30.0,63.0,0.0,Bad
17.0,1.0,75.0,38.0,68.0,2.0,Bad
42.0,23.0,86.0,22.0,67.0,1.0,Bad
30.0,10.0,96.0,23.0,100.0,3.0,Bad
101.0,5.0,94.0,16.0,86.0,2.0,Bad
50.0,34.0,75.0,12.0,71.0,9.0,Bad
57.0,2.0,88.0,41.0,79.0,3.0,Bad
34.0,2.0,91.0,22.0,75.0,0.0,Bad
9.0,3.0,96.0,23.0,70.0,1.0,Bad
73.0,2.0,85.0,28.0,58.0,8.0,Bad
39.0,4.0,84.0,31.0,54.0,4.0,Good
81.0,64.0,90.0,21.0,100.0,5.0,Bad
88.0,61.0,89.0,28.0,90.0,0.0,Bad
12.0,18.0,88.0,26.0,64.0,0.0,Good
48.0,40.0,72.0,32.0,67.0,1.0,Bad
6.0,9.0,91.0,23.0,80.0,4.0,Good
92.0,11.0,62.0,13.0,100.0,0.0,Bad
42.0,26.0,95.0,38.0,75.0,4.0,Good
32.0,61.0,97.0,37.0,75.0,8.0,Good
44.0,0.0,86.0,21.0,100.0,4.0,Good
11.0,15.0,91.0,23.0,67.0,5.0,Good
0.0,17.0,93.0,15.0,50.0,1.0,Good
37.0,44.0,85.0,33.0,82.0,2.0,Good
1.0,53.0,90.0,10.0,80.0,21.0,Good
91.0,1.0,89.0,28.0,100.0,0.0,Good
50.0,1.0,98.0,46.0,73.0,5.0,Bad
34.0,7.0,94.0,34.0,64.0,7.0,Good
10.0,17.0,75.0,16.0,67.0,3.0,Bad
0.0,8.0,82.0,18.0,83.0,1.0,Good
30.0,2.0,93.0,29.0,80.0,8.0,Good
27.0,17.0,97.0,33.0,29.0,12.0,Good
29.0,27.0,95.0,37.0,63.0,0.0,Good
58.0,43.0,94.0,33.0,94.0,1.0,Good
45.0,12.0,73.0,30.0,100.0,1.0,Good
12.0,40.0,89.0,27.0,60.0,1.0,Good
2.0,46.0,95.0,22.0,50.0,2.0,Good
16.0,43.0,96.0,26.0,38.0,11.0,Good
17.0,7.0,96.0,27.0,60.0,2.0,Good
5.0,6.0,86.0,7.0,60.0,10.0,Bad
40.0,44.0,88.0,43.0,71.0,2.0,Bad
31.0,9.0,96.0,23.0,78.0,0.0,Good
32.0,3.0,90.0,31.0,57.0,6.0,Bad
67.0,72.0,97.0,37.0,85.0,1.0,Bad
36.0,32.0,94.0,18.0,54.0,1.0,Good
16.0,23.0,91.0,44.0,75.0,1.0,Good
4.0,59.0,98.0,63.0,38.0,6.0,Good
48.0,2.0,79.0,29.0,67.0,6.0,Bad
34.0,64.0,92.0,12.0,44.0,0.0,Good
15.0,23.0,98.0,56.0,54.0,5.0,Good
15.0,40.0,97.0,35.0,53.0,0.0,Bad
72.0,7.0,70.0,27.0,54.0,0.0,Bad
90.0,15.0,90.0,20.0,83.0,0.0,Bad
47.0,20.0,95.0,22.0,73.0,0.0,Bad
11.0,22.0,65.0,23.0,57.0,0.0,Good
1.0,28.0,82.0,34.0,30.0,0.0,Good
48.0,2.0,81.0,21.0,73.0,0.0,Bad
0.0,14.0,56.0,25.0,18.0,0.0,Bad
30.0,23.0,71.0,14.0,83.0,0.0,Good
93.0,4.0,80.0,15.0,100.0,0.0,Bad
24.0,16.0,81.0,21.0,46.0,0.0,Bad
17.0,21.0,87.0,23.0,60.0,0.0,Bad
73.0,71.0,96.0,23.0,58.0,0.0,Good
14.0,65.0,98.0,42.0,50.0,0.0,Bad
14.0,72.0,95.0,19.0,56.0,0.0,Good
84.0,6.0,71.0,21.0,90.0,0.0,Bad
21.0,11.0,82.0,17.0,67.0,0.0,Bad
9.0,2.0,84.0,19.0,57.0,0.0,Bad
80.0,27.0,85.0,13.0,80.0,0.0,Bad
0.0,3.0,67.0,3.0,67.0,0.0,Bad
12.0,39.0,95.0,42.0,36.0,0.0,Bad
14.0,5.0,90.0,21.0,50.0,0.0,Good
45.0,6.0,88.0,17.0,43.0,0.0,Bad
52.0,50.0,93.0,29.0,67.0,0.0,Bad
42.0,41.0,83.0,12.0,75.0,0.0,Bad
10.0,15.0,80.0,15.0,50.0,0.0,Bad
24.0,70.0,85.0,13.0,90.0,0.0,Good
72.0,6.0,81.0,21.0,100.0,0.0,Bad
59.0,0.0,63.0,17.0,85.0,0.0,Bad
50.0,8.0,78.0,9.0,67.0,0.0,Good
3.0,5.0,98.0,40.0,45.0,0.0,Bad
68.0,54.0,89.0,18.0,83.0,0.0,Good
44.0,9.0,74.0,23.0,57.0,0.0,Bad
24.0,36.0,88.0,17.0,67.0,0.0,Bad
6.0,27.0,96.0,28.0,32.0,0.0,Bad
60.0,38.0,93.0,29.0,70.0,0.0,Bad
9.0,23.0,98.0,44.0,50.0,0.0,Good
24.0,1.0,50.0,16.0,44.0,0.0,Bad
40.0,13.0,96.0,24.0,64.0,0.0,Bad
0.0,63.0,95.0,19.0,25.0,0.0,Good
27.0,76.0,90.0,21.0,62.0,0.0,Good
18.0,52.0,94.0,16.0,46.0,0.0,Bad
23.0,1.0,77.0,13.0,73.0,0.0,Bad
29.0,27.0,87.0,17.0,67.0,0.0,Good
28.0,42.0,96.0,25.0,71.0,0.0,Good
35.0,59.0,95.0,58.0,39.0,0.0,Bad
62.0,32.0,94.0,19.0,78.0,0.0,Bad
41.0,59.0,89.0,10.0,88.0,0.0,Bad
17.0,10.0,97.0,35.0,41.0,0.0,Good
7.0,13.0,91.0,43.0,30.0,0.0,Bad
85.0,10.0,43.0,7.0,100.0,0.0,Bad
60.0,17.0,91.0,22.0,64.0,0.0,Good
17.0,1.0,78.0,32.0,65.0,0.0,Good
54.0,13.0,98.0,41.0,67.0,0.0,Good
21.0,6.0,94.0,17.0,54.0,0.0,Bad
63.0,3.0,87.0,23.0,91.0,0.0,Good
31.0,23.0,98.0,43.0,79.0,0.0,Bad
58.0,17.0,94.0,32.0,93.0,0.0,Bad
89.0,19.0,83.0,13.0,88.0,0.0,Bad
53.0,18.0,91.0,23.0,71.0,0.0,Bad
34.0,15.0,31.0,17.0,86.0,0.0,Bad
53.0,22.0,82.0,11.0,89.0,0.0,Bad
5.0,81.0,95.0,19.0,27.0,0.0,Good
48.0,81.0,91.0,11.0,88.0,0.0,Bad
84.0,43.0,83.0,19.0,73.0,0.0,Bad
50.0,1.0,91.0,23.0,69.0,0.0,Bad
49.0,19.0,79.0,29.0,83.0,0.0,Bad
88.0,6.0,80.0,10.0,100.0,0.0,Bad
21.0,4.0,74.0,21.0,71.0,0.0,Bad
18.0,6.0,65.0,20.0,64.0,0.0,Bad
78.0,5.0,84.0,32.0,78.0,0.0,Bad
26.0,20.0,98.0,41.0,53.0,0.0,Bad
17.0,6.0,91.0,23.0,61.0,0.0,Bad
7.0,9.0,67.0,15.0,60.0,0.0,Bad
13.0,36.0,94.0,34.0,38.0,0.0,Good
44.0,4.0,75.0,24.0,50.0,0.0,Bad
44.0,4.0,88.0,17.0,50.0,0.0,Bad
57.0,6.0,76.0,25.0,88.0,0.0,Bad
54.0,18.0,82.0,17.0,80.0,0.0,Bad
100.0,2.0,67.0,3.0,67.0,0.0,Bad
27.0,51.0,83.0,23.0,70.0,0.0,Good
75.0,1.0,60.0,10.0,100.0,0.0,Bad
104.0,2.0,55.0,11.0,100.0,0.0,Bad
11.0,26.0,56.0,16.0,50.0,0.0,Good
54.0,53.0,78.0,23.0,62.0,0.0,Bad
67.0,1.0,56.0,9.0,100.0,0.0,Bad
43.0,14.0,80.0,25.0,79.0,0.0,Good
0.0,7.0,72.0,18.0,33.0,0.0,Bad
70.0,41.0,87.0,24.0,79.0,0.0,Bad
15.0,39.0,95.0,22.0,73.0,0.0,Bad
72.0,13.0,80.0,11.0,83.0,0.0,Bad
88.0,27.0,61.0,19.0,100.0,0.0,Bad
68.0,24.0,82.0,11.0,100.0,0.0,Good
0.0,5.0,80.0,5.0,50.0,0.0,Good
87.0,6.0,74.0,23.0,92.0,0.0,Bad
50.0,15.0,87.0,15.0,88.0,0.0,Bad
3.0,11.0,88.0,8.0,100.0,0.0,Bad
71.0,0.0,78.0,27.0,69.0,0.0,Bad
48.0,2.0,95.0,22.0,67.0,0.0,Good
98.0,39.0,90.0,29.0,88.0,0.0,Bad
71.0,3.0,86.0,18.0,83.0,0.0,Bad
93.0,8.0,60.0,31.0,100.0,0.0,Good
60.0,36.0,95.0,19.0,82.0,0.0,Good
72.0,1.0,84.0,44.0,64.0,0.0,Bad
0.0,2.0,92.0,24.0,80.0,10.0,Good
16.0,0.0,84.0,26.0,38.0,2.0,Bad
38.0,16.0,64.0,14.0,86.0,20.0,Bad
30.0,4.0,88.0,34.0,100.0,0.0,Bad
10.0,3.0,96.0,23.0,69.0,2.0,Good
5.0,29.0,97.0,35.0,54.0,0.0,Good
85.0,15.0,96.0,28.0,90.0,2.0,Good
23.0,5.0,94.0,32.0,67.0,5.0,Bad
61.0,14.0,78.0,27.0,67.0,2.0,Bad
80.0,29.0,70.0,20.0,100.0,7.0,Bad
77.0,14.0,91.0,22.0,89.0,1.0,Bad
46.0,29.0,80.0,20.0,100.0,16.0,Good
74.0,16.0,91.0,23.0,91.0,2.0,Good
44.0,9.0,80.0,25.0,86.0,3.0,Bad
0.0,1.0,80.0,25.0,33.0,1.0,Bad
0.0,27.0,92.0,25.0,53.0,2.0,Good
14.0,5.0,83.0,12.0,63.0,1.0,Bad
23.0,50.0,89.0,38.0,100.0,7.0,Bad
16.0,32.0,89.0,29.0,47.0,1.0,Good
13.0,7.0,83.0,18.0,60.0,11.0,Good
35.0,10.0,75.0,24.0,55.0,4.0,Bad
26.0,44.0,91.0,35.0,56.0,2.0,Bad
27.0,26.0,67.0,21.0,80.0,0.0,Good
77.0,6.0,83.0,29.0,86.0,1.0,Good
54.0,4.0,88.0,42.0,67.0,4.0,Bad
0.0,52.0,95.0,23.0,33.0,24.0,Bad
84.0,48.0,98.0,42.0,70.0,5.0,Good
27.0,20.0,88.0,26.0,57.0,0.0,Bad
37.0,62.0,88.0,17.0,63.0,2.0,Good
8.0,5.0,96.0,28.0,64.0,15.0,Good
94.0,0.0,69.0,13.0,80.0,12.0,Bad
54.0,4.0,91.0,37.0,82.0,5.0,Bad
22.0,60.0,98.0,56.0,55.0,8.0,Good
4.0,32.0,79.0,33.0,32.0,2.0,Good
59.0,9.0,94.0,36.0,75.0,0.0,Bad
82.0,33.0,88.0,27.0,71.0,0.0,Good
39.0,15.0,93.0,28.0,50.0,0.0,Bad
53.0,7.0,75.0,16.0,50.0,0.0,Bad
70.0,16.0,94.0,16.0,80.0,0.0,Bad
1.0,16.0,86.0,22.0,36.0,0.0,Good
22.0,2.0,76.0,22.0,67.0,3.0,Good
49.0,6.0,82.0,28.0,86.0,1.0,Good
57.0,30.0,90.0,30.0,76.0,1.0,Good
12.0,16.0,78.0,9.0,75.0,19.0,Bad
0.0,11.0,63.0,8.0,75.0,8.0,Bad
55.0,25.0,96.0,25.0,71.0,5.0,Bad
56.0,2.0,93.0,14.0,78.0,7.0,Bad
2.0,52.0,97.0,33.0,42.0,2.0,Good
38.0,26.0,80.0,15.0,86.0,1.0,Bad
7.0,46.0,98.0,41.0,58.0,2.0,Good
81.0,56.0,92.0,26.0,64.0,7.0,Good
74.0,44.0,96.0,24.0,100.0,1.0,Good
126.0,2.0,57.0,7.0,100.0,0.0,Bad
48.0,66.0,88.0,24.0,69.0,19.0,Bad
26.0,39.0,98.0,41.0,71.0,10.0,Good
13.0,42.0,96.0,23.0,64.0,5.0,Good
48.0,4.0,86.0,43.0,81.0,7.0,Bad
54.0,45.0,79.0,19.0,70.0,4.0,Bad
4.0,21.0,97.0,31.0,14.0,11.0,Good
76.0,7.0,87.0,41.0,71.0,0.0,Good
32.0,74.0,96.0,25.0,64.0,2.0,Good
70.0,11.0,87.0,31.0,94.0,10.0,Good
11.0,46.0,93.0,27.0,75.0,1.0,Good
37.0,8.0,69.0,13.0,70.0,4.0,Good
7.0,52.0,91.0,11.0,83.0,6.0,Good
18.0,1.0,92.0,12.0,78.0,0.0,Bad
34.0,40.0,92.0,24.0,83.0,2.0,Good
0.0,35.0,90.0,10.0,60.0,3.0,Good
53.0,11.0,70.0,24.0,89.0,18.0,Good
26.0,45.0,97.0,39.0,38.0,3.0,Good
55.0,3.0,48.0,21.0,100.0,2.0,Good
33.0,25.0,97.0,30.0,73.0,2.0,Good
30.0,34.0,96.0,63.0,77.0,0.0,Good
7.0,0.0,77.0,13.0,67.0,0.0,Bad
21.0,4.0,91.0,23.0,88.0,4.0,Good
72.0,7.0,63.0,8.0,86.0,1.0,Bad
9.0,9.0,94.0,17.0,44.0,12.0,Good
27.0,0.0,89.0,19.0,83.0,0.0,Bad
50.0,32.0,97.0,30.0,88.0,1.0,Good
1.0,1.0,92.0,26.0,73.0,17.0,Good
6.0,17.0,80.0,20.0,83.0,1.0,Good
26.0,3.0,86.0,37.0,71.0,5.0,Good
57.0,46.0,95.0,21.0,91.0,7.0,Bad
43.0,13.0,97.0,33.0,67.0,3.0,Good
52.0,74.0,92.0,16.0,100.0,0.0,Bad
85.0,2.0,94.0,36.0,96.0,0.0,Bad
46.0,14.0,97.0,32.0,83.0,0.0,Good
36.0,27.0,95.0,61.0,59.0,0.0,Bad
75.0,8.0,90.0,21.0,80.0,0.0,Bad
2.0,65.0,96.0,25.0,67.0,0.0,Good
61.0,4.0,64.0,14.0,86.0,0.0,Bad
51.0,4.0,65.0,17.0,100.0,0.0,Bad
3.0,11.0,92.0,26.0,67.0,0.0,Bad
54.0,10.0,81.0,27.0,100.0,0.0,Good
68.0,20.0,75.0,13.0,86.0,0.0,Bad
6.0,29.0,87.0,23.0,31.0,0.0,Good
33.0,2.0,79.0,29.0,76.0,0.0,Good
60.0,72.0,85.0,21.0,78.0,0.0,Bad
41.0,5.0,90.0,31.0,75.0,0.0,Bad
46.0,4.0,93.0,15.0,100.0,0.0,Good
83.0,1.0,83.0,18.0,90.0,0.0,Bad
63.0,3.0,68.0,20.0,82.0,0.0,Bad
92.0,42.0,93.0,14.0,100.0,0.0,Good
14.0,40.0,90.0,20.0,80.0,0.0,Bad
82.0,22.0,96.0,28.0,83.0,0.0,Bad
66.0,7.0,86.0,15.0,90.0,0.0,Bad
8.0,25.0,91.0,23.0,55.0,0.0,Bad
40.0,7.0,79.0,43.0,64.0,0.0,Bad
70.0,56.0,94.0,17.0,83.0,0.0,Bad
96.0,19.0,71.0,22.0,75.0,0.0,Good
44.0,32.0,97.0,34.0,53.0,0.0,Good
8.0,1.0,88.0,24.0,33.0,0.0,Bad
26.0,3.0,77.0,23.0,50.0,0.0,Bad
74.0,12.0,97.0,32.0,75.0,0.0,Bad
69.0,6.0,93.0,14.0,83.0,0.0,Bad
32.0,4.0,93.0,27.0,75.0,0.0,Bad
39.0,5.0,73.0,16.0,80.0,0.0,Bad
7.0,2.0,85.0,20.0,75.0,0.0,Good
19.0,5.0,48.0,33.0,56.0,0.0,Bad
60.0,19.0,90.0,11.0,67.0,0.0,Bad
26.0,4.0,81.0,21.0,67.0,0.0,Bad
66.0,9.0,79.0,14.0,71.0,0.0,Bad
55.0,7.0,81.0,21.0,56.0,0.0,Good
48.0,49.0,96.0,24.0,56.0,0.0,Good
43.0,1.0,50.0,6.0,50.0,0.0,Bad
12.0,15.0,93.0,29.0,40.0,0.0,Good
74.0,39.0,88.0,16.0,92.0,0.0,Bad
7.0,16.0,89.0,19.0,50.0,0.0,Good
54.0,25.0,89.0,21.0,78.0,0.0,Bad
76.0,4.0,82.0,11.0,80.0,0.0,Bad
16.0,56.0,85.0,52.0,74.0,0.0,Bad
29.0,3.0,50.0,8.0,100.0,0.0,Bad
47.0,45.0,75.0,8.0,100.0,0.0,Bad
70.0,1.0,92.0,25.0,94.0,0.0,Bad
70.0,2.0,83.0,23.0,91.0,0.0,Bad
51.0,19.0,97.0,31.0,63.0,0.0,Bad
72.0,1.0,90.0,20.0,88.0,0.0,Bad
31.0,3.0,90.0,29.0,69.0,0.0,Good
31.0,3.0,88.0,33.0,75.0,0.0,Bad
67.0,16.0,96.0,25.0,77.0,0.0,Bad
69.0,10.0,88.0,24.0,67.0,0.0,Good
76.0,31.0,85.0,27.0,74.0,0.0,Bad
36.0,3.0,85.0,13.0,80.0,0.0,Bad
69.0,2.0,94.0,18.0,67.0,0.0,Bad
42.0,5.0,92.0,39.0,89.0,0.0,Bad
33.0,7.0,94.0,18.0,63.0,0.0,Bad
4.0,47.0,94.0,16.0,56.0,0.0,Bad
61.0,18.0,75.0,29.0,71.0,0.0,Bad
67.0,7.0,89.0,28.0,93.0,0.0,Bad
87.0,6.0,95.0,21.0,75.0,0.0,Bad
45.0,22.0,66.0,29.0,71.0,0.0,Bad
12.0,28.0,58.0,12.0,44.0,0.0,Good
13.0,29.0,98.0,55.0,42.0,0.0,Good
59.0,11.0,83.0,24.0,73.0,0.0,Bad
8.0,71.0,95.0,20.0,57.0,0.0,Good
34.0,0.0,81.0,21.0,71.0,0.0,Bad
5.0,9.0,95.0,43.0,86.0,0.0,Bad
60.0,23.0,88.0,33.0,77.0,0.0,Good
82.0,51.0,92.0,14.0,100.0,0.0,Bad
4.0,2.0,98.0,41.0,46.0,0.0,Good
40.0,10.0,20.0,10.0,83.0,0.0,Bad
68.0,13.0,81.0,16.0,88.0,0.0,Bad
31.0,6.0,96.0,27.0,58.0,0.0,Good
53.0,23.0,90.0,29.0,76.0,0.0,Bad
39.0,74.0,96.0,26.0,60.0,0.0,Good
0.0,22.0,96.0,24.0,63.0,0.0,Bad
36.0,2.0,74.0,23.0,70.0,0.0,Bad
4.0,35.0,94.0,34.0,36.0,0.0,Good
43.0,26.0,88.0,8.0,100.0,0.0,Bad
76.0,17.0,50.0,8.0,80.0,0.0,Bad
80.0,3.0,93.0,15.0,100.0,0.0,Bad
93.0,4.0,83.0,35.0,87.0,0.0,Bad
2.0,10.0,82.0,17.0,67.0,0.0,Good
31.0,31.0,96.0,28.0,70.0,0.0,Good
6.0,1.0,89.0,19.0,33.0,0.0,Bad
60.0,2.0,88.0,17.0,78.0,0.0,Bad
65.0,3.0,56.0,17.0,100.0,0.0,Bad
14.0,2.0,89.0,19.0,55.0,0.0,Bad
45.0,13.0,90.0,32.0,67.0,2.0,Bad
68.0,29.0,93.0,34.0,88.0,2.0,Bad
46.0,11.0,75.0,32.0,43.0,0.0,Bad
36.0,2.0,86.0,14.0,50.0,3.0,Bad
52.0,33.0,96.0,28.0,82.0,1.0,Good
49.0,42.0,93.0,27.0,67.0,5.0,Good
40.0,3.0,98.0,62.0,84.0,1.0,Bad
59.0,22.0,87.0,31.0,60.0,3.0,Bad
18.0,1.0,81.0,21.0,85.0,0.0,Bad
52.0,4.0,93.0,58.0,47.0,2.0,Good
71.0,18.0,69.0,26.0,75.0,0.0,Bad
54.0,24.0,93.0,14.0,88.0,0.0,Bad
81.0,64.0,83.0,24.0,82.0,1.0,Bad
10.0,78.0,97.0,30.0,63.0,1.0,Good
62.0,7.0,90.0,21.0,73.0,3.0,Bad
54.0,37.0,80.0,20.0,75.0,14.0,Good
18.0,42.0,93.0,28.0,77.0,0.0,Bad
45.0,4.0,94.0,37.0,85.0,17.0,Bad
4.0,37.0,94.0,16.0,40.0,16.0,Good
55.0,40.0,97.0,33.0,86.0,1.0,Bad
43.0,4.0,94.0,35.0,63.0,3.0,Bad
55.0,12.0,93.0,43.0,70.0,0.0,Good
44.0,15.0,86.0,24.0,81.0,1.0,Good
64.0,38.0,91.0,22.0,71.0,1.0,Bad
23.0,71.0,96.0,23.0,44.0,3.0,Good
14.0,8.0,30.0,10.0,75.0,2.0,Bad
61.0,72.0,98.0,40.0,78.0,0.0,Bad
68.0,20.0,83.0,12.0,100.0,3.0,Bad
85.0,5.0,80.0,22.0,91.0,0.0,Bad
8.0,19.0,98.0,45.0,38.0,0.0,Good
30.0,8.0,89.0,18.0,63.0,16.0,Good
5.0,30.0,96.0,28.0,60.0,0.0,Bad
23.0,36.0,92.0,38.0,77.0,2.0,Good
50.0,70.0,98.0,59.0,60.0,2.0,Good
57.0,61.0,94.0,32.0,73.0,0.0,Bad
62.0,2.0,87.0,30.0,92.0,9.0,Good
7.0,2.0,67.0,52.0,53.0,2.0,Bad
36.0,49.0,96.0,24.0,67.0,0.0,Bad
57.0,56.0,97.0,31.0,90.0,1.0,Bad
27.0,26.0,92.0,36.0,33.0,0.0,Bad
19.0,49.0,98.0,41.0,62.0,0.0,Good
41.0,2.0,88.0,24.0,88.0,3.0,Bad
10.0,11.0,73.0,26.0,57.0,19.0,Bad
44.0,4.0,82.0,17.0,86.0,1.0,Bad
50.0,4.0,82.0,23.0,82.0,12.0,Good
12.0,22.0,89.0,21.0,73.0,6.0,Bad
3.0,17.0,96.0,26.0,50.0,9.0,Good
39.0,17.0,94.0,35.0,53.0,0.0,Bad
15.0,1.0,73.0,11.0,100.0,0.0,Bad
44.0,38.0,97.0,35.0,78.0,1.0,Good
32.0,1.0,97.0,30.0,77.0,10.0,Good
7.0,33.0,95.0,42.0,71.0,0.0,Good
2.0,51.0,95.0,43.0,50.0,24.0,Good
77.0,23.0,86.0,22.0,100.0,1.0,Bad
35.0,7.0,91.0,36.0,81.0,5.0,Bad
3.0,1.0,97.0,30.0,47.0,5.0,Good
39.0,8.0,85.0,27.0,83.0,5.0,Good
43.0,71.0,97.0,32.0,69.0,10.0,Good
10.0,9.0,95.0,44.0,50.0,4.0,Good
15.0,1.0,96.0,46.0,68.0,0.0,Bad
44.0,1.0,89.0,35.0,73.0,12.0,Good
91.0,63.0,95.0,20.0,100.0,1.0,Bad
3.0,35.0,95.0,21.0,63.0,10.0,Good
55.0,2.0,90.0,21.0,100.0,1.0,Good
31.0,51.0,94.0,34.0,60.0,0.0,Good
68.0,76.0,96.0,27.0,86.0,1.0,Bad
38.0,2.0,85.0,26.0,69.0,3.0,Good
78.0,8.0,77.0,26.0,80.0,3.0,Good
78.0,1.0,76.0,29.0,75.0,0.0,Bad
6.0,41.0,82.0,18.0,88.0,0.0,Bad
53.0,2.0,74.0,27.0,80.0,0.0,Bad
57.0,1.0,78.0,18.0,75.0,4.0,Bad
54.0,58.0,90.0,21.0,85.0,0.0,Bad
24.0,69.0,91.0,23.0,71.0,3.0,Good
37.0,6.0,89.0,47.0,53.0,0.0,Good
78.0,17.0,60.0,10.0,80.0,3.0,Bad
44.0,3.0,95.0,20.0,78.0,6.0,Bad
32.0,14.0,95.0,20.0,77.0,1.0,Good
25.0,69.0,98.0,42.0,75.0,7.0,Good
37.0,2.0,93.0,40.0,80.0,1.0,Bad
58.0,35.0,93.0,29.0,63.0,5.0,Good
75.0,3.0,90.0,42.0,100.0,1.0,Good
6.0,58.0,95.0,19.0,56.0,5.0,Bad
43.0,72.0,89.0,19.0,75.0,17.0,Good
35.0,21.0,83.0,35.0,90.0,0.0,Bad
4.0,32.0,96.0,28.0,56.0,4.0,Good
16.0,18.0,96.0,30.0,69.0,1.0,Good
15.0,55.0,94.0,34.0,67.0,3.0,Good
11.0,1.0,90.0,43.0,65.0,1.0,Bad
41.0,26.0,91.0,32.0,76.0,2.0,Good
2.0,3.0,93.0,30.0,57.0,0.0,Good
65.0,1.0,94.0,35.0,90.0,5.0,Bad
61.0,67.0,97.0,30.0,67.0,1.0,Good
19.0,5.0,97.0,31.0,53.0,16.0,Good
13.0,39.0,95.0,22.0,70.0,21.0,Bad
34.0,55.0,93.0,27.0,69.0,0.0,Good
44.0,4.0,86.0,36.0,64.0,0.0,Bad
54.0,24.0,79.0,33.0,65.0,0.0,Good
54.0,45.0,96.0,23.0,78.0,0.0,Bad
14.0,1.0,72.0,32.0,65.0,0.0,Bad
60.0,1.0,84.0,38.0,73.0,1.0,Bad
56.0,10.0,64.0,11.0,75.0,8.0,Bad
25.0,0.0,76.0,18.0,54.0,3.0,Bad
91.0,6.0,71.0,18.0,91.0,0.0,Good
34.0,37.0,95.0,41.0,55.0,0.0,Bad
35.0,5.0,82.0,17.0,60.0,0.0,Bad
70.0,29.0,96.0,24.0,71.0,0.0,Bad
79.0,18.0,93.0,15.0,100.0,0.0,Good
47.0,38.0,97.0,30.0,69.0,0.0,Bad
94.0,3.0,55.0,11.0,80.0,0.0,Good
76.0,3.0,84.0,26.0,50.0,0.0,Bad
1.0,27.0,90.0,41.0,63.0,0.0,Good
44.0,17.0,89.0,18.0,50.0,0.0,Bad
51.0,15.0,96.0,28.0,70.0,0.0,Bad
78.0,11.0,83.0,29.0,100.0,0.0,Bad
68.0,35.0,72.0,18.0,80.0,0.0,Good
97.0,2.0,70.0,23.0,90.0,0.0,Bad
18.0,7.0,91.0,35.0,52.0,0.0,Bad
58.0,18.0,82.0,17.0,73.0,0.0,Bad
6.0,17.0,82.0,11.0,60.0,0.0,Good
48.0,5.0,86.0,21.0,75.0,0.0,Bad
67.0,11.0,64.0,14.0,88.0,0.0,Bad
28.0,40.0,93.0,47.0,58.0,0.0,Bad
36.0,2.0,63.0,30.0,54.0,0.0,Bad
61.0,12.0,86.0,43.0,79.0,0.0,Bad
3.0,8.0,82.0,18.0,83.0,0.0,Bad
62.0,8.0,71.0,17.0,78.0,0.0,Bad
58.0,7.0,65.0,23.0,88.0,0.0,Bad
115.0,13.0,50.0,10.0,88.0,0.0,Bad
14.0,3.0,67.0,6.0,100.0,0.0,Bad
37.0,34.0,78.0,24.0,90.0,0.0,Good
76.0,57.0,82.0,17.0,80.0,0.0,Bad
43.0,26.0,70.0,27.0,89.0,0.0,Bad
41.0,26.0,80.0,15.0,50.0,0.0,Bad
68.0,14.0,75.0,20.0,92.0,0.0,Good
72.0,58.0,96.0,24.0,62.0,0.0,Good
32.0,10.0,96.0,53.0,28.0,0.0,Bad
105.0,51.0,82.0,11.0,100.0,0.0,Good
3.0,1.0,92.0,36.0,33.0,0.0,Good
12.0,50.0,95.0,38.0,64.0,0.0,Good
22.0,70.0,96.0,28.0,75.0,0.0,Bad
69.0,21.0,97.0,29.0,83.0,0.0,Bad
43.0,43.0,97.0,32.0,73.0,0.0,Bad
20.0,4.0,79.0,19.0,47.0,0.0,Good
10.0,11.0,59.0,22.0,50.0,0.0,Bad
28.0,13.0,71.0,24.0,67.0,0.0,Good
58.0,69.0,97.0,29.0,74.0,0.0,Good
92.0,1.0,86.0,42.0,92.0,0.0,Bad
3.0,6.0,83.0,23.0,88.0,0.0,Bad
56.0,78.0,95.0,21.0,92.0,0.0,Bad
56.0,55.0,95.0,42.0,87.0,0.0,Good
0.0,10.0,80.0,10.0,50.0,0.0,Bad
44.0,5.0,80.0,35.0,100.0,0.0,Bad
74.0,2.0,88.0,33.0,93.0,0.0,Bad
20.0,12.0,92.0,25.0,70.0,0.0,Bad
7.0,6.0,91.0,22.0,87.0,0.0,Good
59.0,3.0,75.0,32.0,73.0,0.0,Good
46.0,10.0,91.0,32.0,55.0,0.0,Good
40.0,34.0,90.0,31.0,53.0,0.0,Good
57.0,5.0,92.0,24.0,86.0,0.0,Bad
8.0,30.0,93.0,14.0,50.0,0.0,Bad
96.0,3.0,71.0,22.0,89.0,0.0,Bad
18.0,7.0,77.0,13.0,75.0,0.0,Bad
81.0,17.0,71.0,18.0,89.0,0.0,Bad
67.0,3.0,86.0,14.0,60.0,0.0,Bad
41.0,4.0,80.0,10.0,100.0,0.0,Bad
73.0,9.0,87.0,61.0,89.0,0.0,Bad
73.0,11.0,96.0,23.0,78.0,0.0,Bad
27.0,3.0,77.0,22.0,73.0,0.0,Bad
65.0,2.0,90.0,20.0,43.0,0.0,Bad
62.0,3.0,53.0,17.0,88.0,0.0,Good
51.0,6.0,90.0,31.0,75.0,0.0,Bad
19.0,44.0,96.0,28.0,80.0,0.0,Bad
29.0,0.0,85.0,13.0,100.0,0.0,Bad
1.0,37.0,94.0,18.0,22.0,0.0,Good
37.0,53.0,67.0,3.0,100.0,0.0,Good
78.0,5.0,69.0,42.0,61.0,0.0,Bad
90.0,10.0,96.0,23.0,100.0,0.0,Bad
31.0,6.0,86.0,22.0,92.0,0.0,Bad
54.0,4.0,81.0,21.0,70.0,0.0,Bad
73.0,17.0,76.0,34.0,70.0,0.0,Bad
22.0,53.0,95.0,22.0,44.0,0.0,Good
77.0,17.0,89.0,36.0,89.0,0.0,Bad
18.0,2.0,95.0,22.0,67.0,0.0,Bad
36.0,23.0,85.0,40.0,69.0,0.0,Bad
50.0,2.0,70.0,10.0,57.0,0.0,Bad
41.0,13.0,86.0,29.0,100.0,0.0,Good
39.0,79.0,71.0,7.0,67.0,0.0,Good
71.0,2.0,92.0,13.0,100.0,0.0,Good
34.0,14.0,96.0,24.0,82.0,0.0,Good
32.0,53.0,90.0,10.0,67.0,0.0,Good
19.0,16.0,95.0,38.0,32.0,0.0,Bad
89.0,1.0,77.0,13.0,75.0,0.0,Bad
74.0,21.0,89.0,38.0,85.0,0.0,Bad
77.0,3.0,81.0,23.0,77.0,0.0,Bad
34.0,6.0,73.0,15.0,50.0,0.0,Bad
28.0,14.0,78.0,18.0,63.0,0.0,Good
59.0,39.0,97.0,34.0,84.0,0.0,Good
75.0,2.0,87.0,31.0,93.0,0.0,Bad
31.0,8.0,53.0,20.0,100.0,0.0,Bad
85.0,18.0,82.0,22.0,92.0,0.0,Bad
23.0,17.0,93.0,14.0,85.0,0.0,Bad
46.0,5.0,68.0,19.0,55.0,0.0,Good
65.0,5.0,95.0,19.0,89.0,0.0,Bad
112.0,2.0,89.0,19.0,91.0,0.0,Bad
72.0,2.0,77.0,31.0,82.0,0.0,Bad
33.0,10.0,95.0,20.0,80.0,0.0,Bad
22.0,5.0,70.0,27.0,62.0,0.0,Good
87.0,2.0,62.0,21.0,64.0,0.0,Bad
31.0,49.0,95.0,43.0,71.0,0.0,Good
50.0,33.0,96.0,25.0,83.0,0.0,Bad
38.0,21.0,94.0,16.0,86.0,0.0,Bad
45.0,28.0,90.0,21.0,63.0,0.0,Bad
26.0,9.0,91.0,23.0,57.0,0.0,Good
25.0,23.0,79.0,29.0,86.0,0.0,Bad
0.0,53.0,97.0,31.0,67.0,0.0,Good
56.0,1.0,94.0,34.0,73.0,0.0,Bad
45.0,3.0,71.0,66.0,71.0,0.0,Bad
5.0,46.0,93.0,14.0,78.0,0.0,Good
109.0,30.0,92.0,60.0,100.0,0.0,Bad
82.0,25.0,94.0,16.0,70.0,0.0,Bad
13.0,23.0,76.0,17.0,80.0,0.0,Bad
39.0,39.0,71.0,17.0,57.0,0.0,Bad
84.0,10.0,55.0,11.0,100.0,0.0,Bad
56.0,38.0,89.0,9.0,100.0,0.0,Bad
31.0,40.0,90.0,29.0,80.0,0.0,Bad
11.0,63.0,96.0,26.0,42.0,0.0,Good
43.0,14.0,78.0,24.0,54.0,0.0,Good
24.0,10.0,97.0,33.0,53.0,0.0,Good
38.0,39.0,96.0,27.0,67.0,0.0,Bad
79.0,15.0,74.0,30.0,100.0,0.0,Bad
70.0,43.0,94.0,17.0,80.0,0.0,Good
32.0,4.0,81.0,16.0,80.0,0.0,Bad
15.0,9.0,71.0,14.0,63.0,0.0,Good
61.0,4.0,83.0,23.0,73.0,0.0,Good
0.0,10.0,83.0,12.0,80.0,0.0,Bad
73.0,5.0,85.0,20.0,78.0,0.0,Bad
47.0,3.0,88.0,59.0,88.0,0.0,Bad
9.0,11.0,96.0,25.0,80.0,1.0,Bad
30.0,3.0,85.0,13.0,57.0,8.0,Bad
2.0,59.0,98.0,41.0,54.0,11.0,Bad
65.0,5.0,81.0,16.0,63.0,4.0,Good
75.0,10.0,97.0,36.0,65.0,20.0,Bad
95.0,5.0,85.0,24.0,80.0,0.0,Good
4.0,7.0,92.0,26.0,44.0,16.0,Bad
74.0,38.0,92.0,12.0,100.0,0.0,Bad
60.0,43.0,95.0,19.0,73.0,1.0,Bad
49.0,4.0,93.0,27.0,94.0,11.0,Bad
78.0,2.0,86.0,7.0,100.0,12.0,Bad
41.0,3.0,59.0,17.0,50.0,7.0,Good
86.0,7.0,90.0,42.0,100.0,1.0,Bad
11.0,2.0,97.0,31.0,80.0,0.0,Bad
40.0,12.0,88.0,24.0,79.0,2.0,Bad
30.0,2.0,94.0,17.0,71.0,3.0,Bad
85.0,19.0,96.0,27.0,100.0,4.0,Bad
85.0,35.0,56.0,16.0,91.0,19.0,Bad
24.0,5.0,98.0,50.0,54.0,8.0,Bad
13.0,11.0,82.0,45.0,75.0,1.0,Bad
88.0,1.0,82.0,40.0,77.0,0.0,Bad
17.0,59.0,94.0,38.0,39.0,10.0,Good
42.0,15.0,89.0,18.0,63.0,7.0,Bad
58.0,64.0,93.0,29.0,71.0,9.0,Good
8.0,19.0,95.0,19.0,50.0,9.0,Bad
86.0,2.0,79.0,24.0,78.0,6.0,Bad
74.0,0.0,90.0,30.0,100.0,0.0,Bad
97.0,0.0,92.0,24.0,89.0,21.0,Bad
23.0,33.0,96.0,23.0,67.0,14.0,Good
154.0,14.0,43.0,7.0,100.0,0.0,Bad
30.0,6.0,89.0,20.0,100.0,2.0,Bad
56.0,6.0,90.0,49.0,86.0,0.0,Bad
69.0,10.0,69.0,13.0,86.0,10.0,Bad
13.0,3.0,88.0,25.0,58.0,8.0,Good
51.0,2.0,60.0,15.0,80.0,17.0,Bad
42.0,3.0,68.0,19.0,78.0,11.0,Bad
49.0,39.0,94.0,16.0,78.0,0.0,Bad
18.0,38.0,83.0,13.0,83.0,14.0,Bad
43.0,81.0,97.0,30.0,63.0,1.0,Bad
91.0,3.0,75.0,12.0,100.0,6.0,Bad
73.0,38.0,93.0,29.0,100.0,1.0,Bad
53.0,7.0,83.0,12.0,43.0,0.0,Good
17.0,1.0,76.0,33.0,65.0,23.0,Good
60.0,3.0,97.0,30.0,75.0,10.0,Good
7.0,52.0,97.0,35.0,58.0,7.0,Good
17.0,31.0,95.0,19.0,82.0,14.0,Good
12.0,4.0,93.0,30.0,60.0,3.0,Good
35.0,42.0,95.0,19.0,54.0,0.0,Good
60.0,15.0,94.0,17.0,80.0,23.0,Good
47.0,5.0,88.0,34.0,79.0,0.0,Good
54.0,11.0,62.0,13.0,88.0,4.0,Bad
23.0,5.0,96.0,24.0,53.0,7.0,Good
82.0,1.0,83.0,24.0,100.0,0.0,Bad
61.0,17.0,96.0,56.0,74.0,1.0,Bad
33.0,9.0,97.0,30.0,80.0,1.0,Good
50.0,46.0,97.0,32.0,83.0,1.0,Good
60.0,62.0,82.0,17.0,60.0,0.0,Bad
0.0,20.0,96.0,26.0,40.0,10.0,Good
75.0,64.0,96.0,24.0,60.0,0.0,Good
87.0,14.0,88.0,25.0,100.0,8.0,Bad
48.0,12.0,69.0,16.0,86.0,3.0,Bad
4.0,45.0,95.0,19.0,64.0,0.0,Good
36.0,0.0,95.0,22.0,57.0,1.0,Bad
92.0,42.0,95.0,39.0,89.0,5.0,Bad
1.0,20.0,84.0,19.0,60.0,3.0,Bad
4.0,1.0,96.0,26.0,60.0,0.0,Bad
23.0,48.0,97.0,38.0,50.0,17.0,Good
76.0,3.0,94.0,32.0,63.0,1.0,Good
15.0,10.0,88.0,24.0,85.0,3.0,Good
39.0,46.0,96.0,28.0,73.0,2.0,Good
90.0,64.0,73.0,11.0,75.0,1.0,Good
50.0,2.0,91.0,23.0,67.0,0.0,Bad
21.0,5.0,80.0,30.0,46.0,1.0,Bad
29.0,53.0,92.0,13.0,60.0,6.0,Good
7.0,22.0,90.0,31.0,42.0,0.0,Good
2.0,40.0,98.0,49.0,53.0,2.0,Good
76.0,43.0,94.0,16.0,90.0,0.0,Bad
42.0,3.0,90.0,31.0,67.0,1.0,Bad
24.0,11.0,93.0,15.0,89.0,0.0,Bad
65.0,11.0,97.0,37.0,95.0,0.0,Bad
46.0,27.0,96.0,45.0,82.0,0.0,Good
10.0,13.0,85.0,26.0,45.0,0.0,Good
0.0,64.0,92.0,12.0,25.0,0.0,Good
11.0,33.0,92.0,25.0,75.0,0.0,Good
19.0,20.0,90.0,29.0,38.0,1.0,Good
32.0,38.0,83.0,18.0,62.0,0.0,Bad
69.0,27.0,87.0,31.0,56.0,0.0,Good
31.0,3.0,79.0,19.0,80.0,0.0,Good
16.0,26.0,92.0,13.0,71.0,4.0,Good
36.0,29.0,95.0,22.0,47.0,1.0,Good
13.0,24.0,93.0,29.0,70.0,2.0,Bad
3.0,36.0,93.0,15.0,63.0,7.0,Bad
6.0,16.0,93.0,15.0,57.0,4.0,Good
90.0,34.0,93.0,30.0,83.0,0.0,Bad
38.0,21.0,98.0,43.0,73.0,11.0,Good
5.0,2.0,82.0,22.0,81.0,1.0,Good
40.0,77.0,96.0,27.0,88.0,5.0,Bad
5.0,34.0,83.0,23.0,43.0,1.0,Bad
9.0,8.0,97.0,39.0,33.0,11.0,Good
45.0,26.0,80.0,40.0,71.0,4.0,Bad
26.0,11.0,97.0,37.0,43.0,9.0,Bad
47.0,9.0,85.0,13.0,86.0,6.0,Bad
32.0,24.0,95.0,42.0,75.0,1.0,Bad
67.0,63.0,90.0,21.0,67.0,0.0,Bad
63.0,3.0,93.0,30.0,90.0,0.0,Good
5.0,71.0,97.0,36.0,41.0,22.0,Bad
3.0,7.0,89.0,27.0,42.0,11.0,Bad
24.0,5.0,92.0,38.0,47.0,0.0,Bad
0.0,63.0,93.0,28.0,80.0,1.0,Good
58.0,5.0,93.0,27.0,75.0,3.0,Good
60.0,4.0,95.0,38.0,91.0,0.0,Bad
21.0,1.0,89.0,35.0,64.0,1.0,Good
87.0,12.0,91.0,22.0,92.0,15.0,Bad
59.0,54.0,98.0,45.0,60.0,2.0,Good
42.0,6.0,79.0,19.0,80.0,14.0,Good
88.0,21.0,63.0,16.0,86.0,17.0,Bad
51.0,13.0,86.0,28.0,72.0,17.0,Bad
19.0,22.0,76.0,74.0,68.0,1.0,Good
2.0,39.0,97.0,31.0,44.0,0.0,Good
16.0,0.0,85.0,26.0,58.0,12.0,Bad
87.0,43.0,98.0,48.0,100.0,6.0,Good
58.0,32.0,95.0,21.0,86.0,9.0,Good
29.0,1.0,80.0,25.0,53.0,3.0,Bad
69.0,30.0,67.0,15.0,86.0,5.0,Good
30.0,4.0,95.0,22.0,89.0,3.0,Good
79.0,26.0,90.0,39.0,89.0,6.0,Good
62.0,49.0,98.0,42.0,83.0,3.0,Good
22.0,2.0,94.0,16.0,57.0,3.0,Good
56.0,10.0,88.0,16.0,83.0,1.0,Good
8.0,1.0,89.0,28.0,100.0,0.0,Good
59.0,2.0,95.0,20.0,67.0,1.0,Good
43.0,20.0,86.0,21.0,75.0,2.0,Good
45.0,8.0,98.0,54.0,83.0,0.0,Bad
3.0,5.0,71.0,28.0,44.0,8.0,Bad
70.0,35.0,93.0,29.0,77.0,5.0,Good
11.0,40.0,77.0,13.0,80.0,1.0,Bad
56.0,14.0,96.0,26.0,82.0,0.0,Bad
47.0,29.0,82.0,23.0,71.0,0.0,Bad
11.0,22.0,90.0,20.0,71.0,0.0,Bad
6.0,10.0,93.0,28.0,36.0,0.0,Bad
89.0,1.0,98.0,48.0,88.0,0.0,Bad
8.0,2.0,72.0,29.0,86.0,0.0,Good
111.0,36.0,71.0,21.0,100.0,0.0,Bad
2.0,2.0,79.0,28.0,73.0,0.0,Good
64.0,1.0,94.0,36.0,83.0,0.0,Bad
82.0,15.0,93.0,14.0,100.0,0.0,Bad
87.0,1.0,92.0,39.0,93.0,0.0,Bad
30.0,3.0,84.0,25.0,82.0,0.0,Bad
80.0,57.0,97.0,32.0,79.0,0.0,Bad
15.0,1.0,95.0,41.0,55.0,0.0,Bad
25.0,2.0,94.0,17.0,67.0,0.0,Bad
1.0,0.0,96.0,23.0,83.0,0.0,Good
63.0,1.0,83.0,47.0,68.0,0.0,Bad
14.0,3.0,82.0,22.0,75.0,0.0,Good
38.0,2.0,87.0,31.0,78.0,0.0,Bad
38.0,26.0,96.0,28.0,50.0,0.0,Bad
101.0,1.0,88.0,17.0,90.0,0.0,Bad
54.0,34.0,92.0,25.0,62.0,0.0,Bad
96.0,5.0,50.0,13.0,100.0,0.0,Bad
46.0,61.0,93.0,30.0,91.0,0.0,Good
31.0,3.0,84.0,19.0,60.0,0.0,Bad
58.0,12.0,92.0,25.0,75.0,0.0,Bad
68.0,58.0,92.0,37.0,67.0,0.0,Bad
30.0,6.0,93.0,27.0,69.0,0.0,Bad
99.0,7.0,75.0,32.0,100.0,0.0,Bad
4.0,54.0,97.0,37.0,44.0,0.0,Good
16.0,2.0,91.0,45.0,74.0,0.0,Bad
69.0,36.0,97.0,35.0,80.0,0.0,Bad
31.0,8.0,74.0,35.0,42.0,0.0,Bad
43.0,52.0,96.0,26.0,70.0,0.0,Bad
37.0,77.0,93.0,29.0,67.0,0.0,Bad
0.0,54.0,73.0,22.0,71.0,0.0,Bad
35.0,8.0,91.0,22.0,56.0,0.0,Good
41.0,4.0,70.0,30.0,58.0,0.0,Bad
69.0,3.0,86.0,22.0,90.0,0.0,Bad
29.0,73.0,96.0,27.0,64.0,0.0,Good
42.0,65.0,97.0,36.0,80.0,2.0,Good
46.0,1.0,70.0,20.0,80.0,2.0,Bad
47.0,74.0,94.0,18.0,50.0,0.0,Bad
31.0,17.0,90.0,31.0,80.0,4.0,Good
100.0,1.0,88.0,18.0,100.0,1.0,Bad
27.0,3.0,79.0,30.0,81.0,0.0,Bad
62.0,14.0,88.0,26.0,69.0,0.0,Bad
85.0,7.0,63.0,16.0,88.0,0.0,Good
61.0,19.0,73.0,12.0,89.0,0.0,Bad
37.0,1.0,96.0,27.0,75.0,0.0,Bad
59.0,45.0,75.0,18.0,70.0,0.0,Bad
38.0,20.0,93.0,15.0,45.0,0.0,Bad
63.0,4.0,88.0,26.0,78.0,0.0,Good
43.0,37.0,92.0,14.0,75.0,0.0,Bad
33.0,3.0,68.0,26.0,63.0,0.0,Bad
7.0,32.0,97.0,29.0,58.0,0.0,Good
43.0,46.0,94.0,16.0,43.0,0.0,Good
82.0,3.0,47.0,16.0,88.0,0.0,Bad
11.0,20.0,95.0,22.0,62.0,0.0,Bad
37.0,66.0,92.0,26.0,60.0,0.0,Bad
97.0,23.0,92.0,15.0,90.0,0.0,Bad
63.0,0.0,94.0,19.0,88.0,0.0,Bad
88.0,54.0,80.0,15.0,100.0,0.0,Good
79.0,15.0,96.0,26.0,80.0,0.0,Bad
10.0,72.0,96.0,28.0,60.0,0.0,Bad
45.0,12.0,83.0,6.0,100.0,0.0,Bad
24.0,3.0,97.0,30.0,57.0,0.0,Good
66.0,16.0,50.0,10.0,57.0,0.0,Bad
31.0,10.0,96.0,31.0,55.0,0.0,Bad
3.0,65.0,95.0,23.0,40.0,0.0,Bad
31.0,13.0,75.0,17.0,50.0,0.0,Bad
7.0,14.0,90.0,31.0,45.0,0.0,Good
35.0,2.0,80.0,20.0,91.0,0.0,Good
86.0,3.0,63.0,9.0,100.0,0.0,Bad
42.0,9.0,75.0,8.0,67.0,0.0,Good
3.0,11.0,95.0,20.0,80.0,0.0,Bad
3.0,21.0,93.0,28.0,39.0,0.0,Bad
5.0,2.0,90.0,20.0,55.0,0.0,Bad
18.0,38.0,91.0,36.0,50.0,0.0,Bad
59.0,11.0,89.0,9.0,57.0,0.0,Bad
43.0,2.0,92.0,13.0,100.0,0.0,Bad
84.0,50.0,97.0,30.0,89.0,0.0,Bad
82.0,10.0,80.0,16.0,78.0,0.0,Bad
53.0,40.0,75.0,21.0,91.0,0.0,Good
30.0,5.0,96.0,29.0,82.0,0.0,Good
69.0,3.0,89.0,47.0,85.0,0.0,Bad
71.0,11.0,83.0,18.0,92.0,0.0,Bad
2.0,10.0,91.0,25.0,58.0,0.0,Good
24.0,35.0,85.0,21.0,67.0,0.0,Bad
75.0,2.0,81.0,27.0,92.0,0.0,Bad
69.0,40.0,92.0,24.0,89.0,0.0,Bad
57.0,0.0,86.0,31.0,64.0,0.0,Good
65.0,7.0,85.0,26.0,80.0,0.0,Bad
2.0,35.0,94.0,17.0,75.0,2.0,Good
45.0,77.0,92.0,12.0,70.0,3.0,Good
41.0,11.0,75.0,8.0,83.0,2.0,Good
43.0,1.0,78.0,32.0,81.0,1.0,Bad
66.0,13.0,97.0,33.0,75.0,2.0,Bad
1.0,1.0,97.0,29.0,19.0,3.0,Good
57.0,9.0,91.0,46.0,61.0,4.0,Bad
32.0,15.0,85.0,13.0,71.0,0.0,Bad
56.0,3.0,94.0,41.0,67.0,8.0,Bad
98.0,40.0,92.0,15.0,100.0,2.0,Bad
36.0,35.0,96.0,27.0,65.0,0.0,Bad
90.0,0.0,63.0,24.0,93.0,4.0,Good
33.0,9.0,90.0,23.0,50.0,3.0,Good
33.0,70.0,97.0,30.0,56.0,2.0,Bad
39.0,40.0,96.0,28.0,67.0,0.0,Good
25.0,6.0,94.0,36.0,75.0,4.0,Bad
71.0,22.0,87.0,23.0,86.0,19.0,Good
70.0,20.0,97.0,32.0,83.0,1.0,Bad
71.0,8.0,95.0,42.0,53.0,13.0,Good
11.0,1.0,96.0,45.0,35.0,0.0,Good
10.0,58.0,98.0,50.0,40.0,0.0,Good
4.0,29.0,95.0,19.0,60.0,0.0,Good
24.0,11.0,95.0,59.0,33.0,1.0,Bad
3.0,27.0,96.0,24.0,56.0,1.0,Bad
41.0,68.0,98.0,45.0,80.0,3.0,Good
13.0,32.0,95.0,68.0,47.0,0.0,Good
10.0,19.0,97.0,30.0,65.0,11.0,Good
11.0,0.0,97.0,34.0,39.0,0.0,Good
48.0,33.0,94.0,16.0,50.0,14.0,Bad
35.0,14.0,91.0,45.0,56.0,0.0,Good
64.0,13.0,45.0,11.0,71.0,0.0,Bad
88.0,41.0,93.0,27.0,93.0,0.0,Good
0.0,15.0,95.0,41.0,35.0,0.0,Good
99.0,1.0,87.0,15.0,100.0,0.0,Bad
1.0,23.0,97.0,31.0,35.0,0.0,Good
83.0,73.0,90.0,10.0,100.0,0.0,Bad
73.0,17.0,92.0,12.0,75.0,0.0,Good
7.0,1.0,94.0,36.0,53.0,0.0,Bad
36.0,7.0,86.0,35.0,59.0,0.0,Good
77.0,80.0,90.0,20.0,57.0,0.0,Bad
34.0,1.0,33.0,6.0,67.0,0.0,Bad
65.0,4.0,67.0,9.0,100.0,0.0,Bad
40.0,3.0,81.0,27.0,93.0,0.0,Bad
99.0,58.0,88.0,8.0,100.0,0.0,Good
43.0,4.0,85.0,26.0,46.0,0.0,Bad
33.0,10.0,87.0,15.0,83.0,0.0,Bad
5.0,54.0,95.0,20.0,64.0,0.0,Good
47.0,12.0,94.0,35.0,67.0,0.0,Bad
32.0,54.0,92.0,25.0,67.0,0.0,Bad
86.0,11.0,92.0,24.0,100.0,0.0,Bad
45.0,57.0,92.0,12.0,100.0,0.0,Good
78.0,37.0,79.0,20.0,100.0,0.0,Bad
51.0,8.0,83.0,18.0,82.0,0.0,Good
23.0,10.0,98.0,49.0,50.0,7.0,Bad
52.0,16.0,85.0,13.0,100.0,2.0,Bad
74.0,34.0,87.0,23.0,75.0,2.0,Bad
28.0,70.0,90.0,20.0,100.0,9.0,Good
98.0,3.0,70.0,10.0,83.0,1.0,Bad
42.0,47.0,94.0,34.0,67.0,0.0,Good
99.0,42.0,92.0,12.0,100.0,22.0,Bad
68.0,13.0,68.0,37.0,58.0,2.0,Bad
60.0,8.0,96.0,23.0,91.0,3.0,Bad
52.0,18.0,88.0,34.0,76.0,14.0,Good
45.0,28.0,82.0,34.0,73.0,1.0,Good
54.0,18.0,89.0,18.0,100.0,0.0,Bad
48.0,62.0,96.0,29.0,91.0,1.0,Bad
13.0,5.0,90.0,23.0,75.0,1.0,Good
8.0,24.0,85.0,33.0,25.0,16.0,Good
12.0,13.0,92.0,44.0,69.0,3.0,Good
55.0,22.0,93.0,40.0,100.0,0.0,Bad
49.0,83.0,94.0,33.0,80.0,0.0,Good
23.0,23.0,90.0,21.0,29.0,0.0,Bad
90.0,1.0,61.0,18.0,67.0,0.0,Bad
2.0,9.0,83.0,23.0,33.0,0.0,Bad
12.0,77.0,97.0,37.0,38.0,0.0,Bad
36.0,44.0,95.0,21.0,50.0,0.0,Good
22.0,20.0,78.0,10.0,63.0,0.0,Bad
73.0,4.0,93.0,15.0,80.0,0.0,Bad
98.0,23.0,89.0,9.0,100.0,0.0,Bad
23.0,61.0,96.0,25.0,55.0,0.0,Bad
44.0,1.0,96.0,25.0,67.0,0.0,Bad
50.0,16.0,71.0,14.0,100.0,0.0,Bad
64.0,5.0,92.0,13.0,80.0,0.0,Bad
53.0,2.0,95.0,19.0,78.0,0.0,Good
22.0,39.0,93.0,29.0,70.0,0.0,Good
28.0,59.0,79.0,28.0,78.0,0.0,Bad
86.0,6.0,97.0,29.0,93.0,0.0,Bad
100.0,7.0,55.0,22.0,85.0,0.0,Bad
33.0,14.0,97.0,30.0,75.0,0.0,Bad
88.0,53.0,94.0,18.0,100.0,0.0,Bad
44.0,2.0,85.0,39.0,90.0,0.0,Bad
92.0,55.0,93.0,15.0,100.0,0.0,Bad
80.0,52.0,93.0,16.0,100.0,0.0,Bad
77.0,68.0,97.0,39.0,75.0,0.0,Bad
22.0,20.0,94.0,17.0,82.0,0.0,Bad
75.0,4.0,94.0,34.0,86.0,0.0,Good
87.0,26.0,86.0,29.0,100.0,0.0,Bad
3.0,8.0,93.0,45.0,60.0,0.0,Bad
65.0,3.0,85.0,46.0,75.0,0.0,Bad
69.0,1.0,89.0,18.0,100.0,0.0,Good
101.0,23.0,90.0,21.0,100.0,0.0,Bad
33.0,20.0,96.0,25.0,36.0,0.0,Bad
34.0,23.0,97.0,31.0,73.0,0.0,Good
77.0,4.0,96.0,25.0,92.0,0.0,Bad
82.0,11.0,88.0,26.0,92.0,0.0,Bad
60.0,1.0,83.0,54.0,91.0,0.0,Bad
27.0,10.0,89.0,31.0,87.0,0.0,Bad
68.0,23.0,87.0,23.0,89.0,0.0,Bad
84.0,14.0,78.0,27.0,86.0,0.0,Bad
11.0,47.0,95.0,21.0,86.0,0.0,Good
33.0,5.0,50.0,15.0,86.0,0.0,Good
33.0,20.0,95.0,21.0,69.0,0.0,Bad
76.0,8.0,92.0,25.0,90.0,0.0,Bad
101.0,33.0,91.0,22.0,100.0,0.0,Bad
17.0,22.0,79.0,24.0,75.0,0.0,Good
100.0,38.0,89.0,44.0,100.0,0.0,Good
28.0,10.0,85.0,20.0,90.0,0.0,Good
60.0,9.0,87.0,53.0,85.0,0.0,Bad
27.0,34.0,87.0,39.0,88.0,0.0,Good
50.0,1.0,92.0,36.0,90.0,0.0,Bad
29.0,50.0,96.0,23.0,54.0,0.0,Bad
80.0,46.0,88.0,24.0,88.0,0.0,Bad
46.0,29.0,89.0,29.0,85.0,0.0,Good
75.0,73.0,98.0,40.0,81.0,0.0,Good
78.0,2.0,93.0,40.0,73.0,0.0,Bad
0.0,40.0,92.0,12.0,75.0,0.0,Bad
53.0,20.0,94.0,32.0,50.0,0.0,Bad
7.0,23.0,91.0,45.0,75.0,0.0,Bad
6.0,62.0,82.0,12.0,67.0,0.0,Bad
65.0,14.0,78.0,27.0,88.0,0.0,Bad
69.0,7.0,80.0,30.0,89.0,0.0,Bad
0.0,13.0,94.0,53.0,38.0,0.0,Good
53.0,1.0,95.0,43.0,81.0,0.0,Good
95.0,11.0,50.0,10.0,100.0,0.0,Bad
36.0,3.0,78.0,24.0,77.0,0.0,Good
51.0,12.0,89.0,27.0,70.0,0.0,Good
23.0,3.0,70.0,57.0,64.0,0.0,Good
16.0,13.0,89.0,20.0,63.0,0.0,Bad
47.0,38.0,81.0,27.0,64.0,0.0,Good
80.0,9.0,79.0,24.0,78.0,0.0,Bad
38.0,5.0,92.0,13.0,80.0,0.0,Good
9.0,20.0,94.0,33.0,56.0,0.0,Bad
41.0,3.0,70.0,23.0,60.0,6.0,Bad
65.0,58.0,96.0,28.0,75.0,22.0,Good
62.0,4.0,96.0,28.0,78.0,0.0,Bad
31.0,3.0,82.0,17.0,50.0,9.0,Bad
15.0,71.0,90.0,20.0,67.0,8.0,Bad
66.0,35.0,76.0,33.0,73.0,5.0,Bad
47.0,16.0,63.0,16.0,55.0,7.0,Bad
46.0,2.0,89.0,28.0,91.0,2.0,Bad
35.0,15.0,93.0,30.0,57.0,2.0,Bad
56.0,62.0,95.0,40.0,60.0,4.0,Good
25.0,41.0,91.0,23.0,78.0,2.0,Bad
9.0,27.0,94.0,16.0,75.0,0.0,Good
92.0,9.0,93.0,29.0,100.0,2.0,Bad
61.0,29.0,90.0,49.0,60.0,2.0,Bad
74.0,62.0,89.0,18.0,100.0,0.0,Bad
27.0,80.0,93.0,14.0,100.0,3.0,Good
56.0,16.0,91.0,11.0,67.0,4.0,Bad
53.0,1.0,93.0,41.0,71.0,4.0,Bad
47.0,3.0,82.0,28.0,100.0,0.0,Bad
16.0,13.0,90.0,30.0,43.0,8.0,Good
93.0,3.0,98.0,49.0,60.0,2.0,Good
42.0,13.0,97.0,60.0,39.0,1.0,Bad
64.0,35.0,82.0,11.0,100.0,7.0,Good
26.0,4.0,82.0,38.0,89.0,4.0,Good
18.0,0.0,88.0,50.0,44.0,1.0,Good
4.0,18.0,95.0,68.0,31.0,6.0,Good
34.0,69.0,95.0,37.0,75.0,3.0,Bad
63.0,33.0,98.0,46.0,67.0,2.0,Good
43.0,1.0,87.0,38.0,63.0,17.0,Bad
21.0,8.0,96.0,48.0,88.0,9.0,Good
27.0,52.0,97.0,35.0,80.0,2.0,Bad
22.0,9.0,97.0,36.0,77.0,3.0,Good
59.0,4.0,95.0,19.0,73.0,0.0,Good
16.0,3.0,83.0,64.0,56.0,3.0,Bad
14.0,48.0,98.0,43.0,48.0,0.0,Good
48.0,22.0,97.0,30.0,78.0,1.0,Good
95.0,36.0,86.0,22.0,100.0,7.0,Good
27.0,24.0,85.0,27.0,93.0,5.0,Bad
1.0,6.0,95.0,22.0,86.0,8.0,Bad
58.0,32.0,95.0,20.0,57.0,21.0,Good
92.0,43.0,92.0,13.0,100.0,3.0,Bad
41.0,18.0,89.0,19.0,82.0,3.0,Good
45.0,7.0,96.0,24.0,70.0,19.0,Good
28.0,35.0,98.0,45.0,64.0,1.0,Good
72.0,9.0,97.0,31.0,86.0,0.0,Good
1.0,23.0,92.0,40.0,50.0,19.0,Bad
62.0,1.0,80.0,25.0,73.0,22.0,Good
40.0,42.0,60.0,25.0,60.0,0.0,Good
24.0,6.0,96.0,46.0,61.0,1.0,Good
4.0,26.0,91.0,23.0,57.0,14.0,Bad
9.0,42.0,97.0,37.0,47.0,1.0,Bad
59.0,38.0,88.0,24.0,100.0,5.0,Good
6.0,7.0,92.0,13.0,63.0,5.0,Good
38.0,20.0,94.0,16.0,73.0,8.0,Good
12.0,2.0,97.0,38.0,47.0,3.0,Good
0.0,21.0,95.0,37.0,75.0,3.0,Good
33.0,38.0,75.0,12.0,100.0,4.0,Bad
2.0,3.0,83.0,29.0,44.0,4.0,Bad
33.0,33.0,89.0,28.0,83.0,1.0,Bad
2.0,43.0,89.0,27.0,63.0,0.0,Good
53.0,60.0,95.0,20.0,100.0,21.0,Bad
60.0,4.0,90.0,30.0,85.0,4.0,Good
4.0,7.0,89.0,9.0,83.0,3.0,Bad
37.0,8.0,97.0,32.0,93.0,6.0,Bad
98.0,8.0,81.0,16.0,89.0,0.0,Bad
52.0,3.0,72.0,18.0,100.0,0.0,Bad
37.0,16.0,87.0,32.0,65.0,0.0,Bad
41.0,12.0,90.0,21.0,82.0,0.0,Good
5.0,2.0,85.0,34.0,64.0,0.0,Bad
76.0,6.0,88.0,26.0,100.0,0.0,Good
56.0,11.0,78.0,23.0,75.0,0.0,Bad
8.0,11.0,64.0,17.0,83.0,0.0,Bad
51.0,1.0,92.0,48.0,92.0,0.0,Good
68.0,31.0,93.0,30.0,87.0,0.0,Bad
16.0,4.0,80.0,40.0,64.0,0.0,Bad
39.0,2.0,82.0,33.0,62.0,0.0,Bad
93.0,2.0,67.0,18.0,86.0,0.0,Good
49.0,3.0,77.0,22.0,55.0,0.0,Bad
55.0,3.0,64.0,22.0,75.0,0.0,Bad
55.0,80.0,96.0,24.0,58.0,0.0,Bad
42.0,15.0,79.0,14.0,82.0,0.0,Bad
27.0,9.0,86.0,14.0,100.0,0.0,Bad
14.0,1.0,97.0,29.0,62.0,0.0,Bad
70.0,0.0,74.0,39.0,88.0,0.0,Bad
48.0,29.0,93.0,16.0,83.0,0.0,Bad
0.0,4.0,67.0,9.0,100.0,0.0,Bad
52.0,14.0,97.0,34.0,81.0,0.0,Good
78.0,14.0,73.0,11.0,100.0,0.0,Bad
54.0,21.0,89.0,28.0,63.0,0.0,Bad
44.0,4.0,73.0,30.0,73.0,0.0,Bad
23.0,2.0,90.0,31.0,71.0,0.0,Bad
94.0,71.0,90.0,20.0,100.0,0.0,Bad
101.0,61.0,80.0,6.0,100.0,0.0,Bad
29.0,9.0,93.0,14.0,83.0,0.0,Bad
8.0,10.0,97.0,31.0,56.0,0.0,Good
37.0,10.0,88.0,26.0,83.0,0.0,Good
21.0,4.0,74.0,19.0,50.0,0.0,Bad
54.0,32.0,80.0,25.0,89.0,0.0,Bad
60.0,64.0,78.0,9.0,100.0,0.0,Bad
4.0,54.0,82.0,11.0,60.0,0.0,Good
81.0,20.0,72.0,25.0,78.0,0.0,Good
47.0,46.0,88.0,32.0,100.0,0.0,Bad
36.0,20.0,86.0,22.0,56.0,0.0,Good
69.0,6.0,86.0,14.0,43.0,0.0,Bad
82.0,25.0,91.0,45.0,100.0,0.0,Bad
93.0,5.0,80.0,20.0,90.0,0.0,Bad
9.0,17.0,97.0,33.0,46.0,0.0,Bad
81.0,0.0,77.0,13.0,100.0,0.0,Bad
76.0,0.0,75.0,24.0,100.0,0.0,Bad
8.0,54.0,92.0,25.0,33.0,0.0,Good
68.0,37.0,86.0,35.0,89.0,0.0,Bad
48.0,25.0,74.0,27.0,27.0,0.0,Bad
44.0,17.0,93.0,29.0,93.0,0.0,Bad
49.0,3.0,71.0,17.0,67.0,0.0,Bad
3.0,39.0,96.0,24.0,55.0,0.0,Good
14.0,14.0,89.0,9.0,67.0,0.0,Bad
83.0,2.0,94.0,53.0,91.0,0.0,Bad
38.0,27.0,71.0,24.0,83.0,0.0,Bad
75.0,2.0,50.0,8.0,71.0,0.0,Bad
32.0,79.0,94.0,33.0,84.0,6.0,Good
28.0,45.0,89.0,19.0,77.0,0.0,Bad
22.0,50.0,96.0,24.0,70.0,0.0,Good
40.0,0.0,91.0,23.0,64.0,5.0,Bad
76.0,1.0,69.0,16.0,90.0,6.0,Bad
56.0,26.0,91.0,46.0,67.0,3.0,Bad
57.0,0.0,95.0,20.0,89.0,0.0,Bad
0.0,10.0,73.0,11.0,67.0,7.0,Good
54.0,2.0,90.0,41.0,86.0,0.0,Good
20.0,0.0,80.0,49.0,80.0,1.0,Bad
54.0,1.0,94.0,35.0,89.0,0.0,Bad
86.0,69.0,94.0,17.0,80.0,0.0,Bad
78.0,2.0,71.0,14.0,83.0,0.0,Bad
64.0,3.0,93.0,30.0,73.0,4.0,Bad
26.0,0.0,76.0,25.0,86.0,22.0,Bad
14.0,14.0,96.0,26.0,67.0,3.0,Bad
86.0,58.0,88.0,24.0,70.0,22.0,Bad
76.0,15.0,67.0,30.0,100.0,1.0,Bad
21.0,59.0,95.0,41.0,73.0,1.0,Bad
75.0,3.0,91.0,12.0,100.0,8.0,Bad
36.0,9.0,65.0,23.0,56.0,0.0,Bad
54.0,4.0,72.0,19.0,67.0,5.0,Bad
45.0,25.0,92.0,37.0,88.0,5.0,Bad
12.0,3.0,70.0,33.0,62.0,1.0,Bad
1.0,24.0,98.0,43.0,45.0,2.0,Good
27.0,26.0,98.0,40.0,31.0,0.0,Good
34.0,0.0,91.0,23.0,80.0,0.0,Bad
0.0,6.0,91.0,34.0,85.0,0.0,Good
0.0,1.0,87.0,31.0,75.0,0.0,Bad
93.0,21.0,65.0,20.0,100.0,2.0,Good
23.0,7.0,91.0,46.0,78.0,4.0,Good
66.0,47.0,88.0,26.0,75.0,0.0,Bad
3.0,62.0,70.0,20.0,60.0,1.0,Bad
68.0,16.0,97.0,32.0,76.0,0.0,Good
27.0,28.0,89.0,27.0,67.0,9.0,Bad
10.0,26.0,96.0,26.0,50.0,4.0,Good
4.0,1.0,58.0,12.0,78.0,6.0,Good
34.0,2.0,85.0,47.0,67.0,0.0,Bad
15.0,47.0,95.0,45.0,83.0,8.0,Good
51.0,60.0,96.0,52.0,43.0,2.0,Good
45.0,40.0,98.0,45.0,75.0,2.0,Good
35.0,31.0,97.0,32.0,67.0,10.0,Good
4.0,16.0,89.0,18.0,67.0,3.0,Good
12.0,64.0,89.0,19.0,75.0,9.0,Good
53.0,10.0,98.0,71.0,64.0,4.0,Good
78.0,3.0,94.0,17.0,70.0,0.0,Bad
48.0,21.0,94.0,18.0,92.0,0.0,Bad
124.0,13.0,76.0,17.0,100.0,0.0,Bad
69.0,3.0,84.0,39.0,63.0,0.0,Bad
5.0,4.0,91.0,47.0,57.0,0.0,Good
24.0,23.0,86.0,28.0,40.0,0.0,Bad
91.0,14.0,87.0,45.0,100.0,0.0,Bad
47.0,7.0,85.0,20.0,83.0,0.0,Bad
42.0,1.0,78.0,32.0,71.0,0.0,Bad
70.0,1.0,95.0,22.0,46.0,0.0,Bad
18.0,30.0,96.0,23.0,83.0,0.0,Bad
70.0,53.0,83.0,23.0,40.0,0.0,Bad
25.0,11.0,91.0,45.0,67.0,0.0,Bad
74.0,5.0,82.0,11.0,100.0,0.0,Bad
38.0,12.0,53.0,17.0,44.0,0.0,Bad
40.0,56.0,92.0,13.0,83.0,0.0,Good
33.0,22.0,87.0,39.0,62.0,0.0,Good
5.0,29.0,96.0,24.0,58.0,0.0,Bad
9.0,2.0,97.0,31.0,50.0,0.0,Good
1.0,10.0,95.0,19.0,50.0,0.0,Good
9.0,7.0,71.0,22.0,40.0,0.0,Bad
70.0,3.0,96.0,24.0,69.0,0.0,Bad
22.0,10.0,83.0,13.0,71.0,0.0,Bad
54.0,1.0,93.0,28.0,65.0,0.0,Good
93.0,2.0,78.0,9.0,100.0,0.0,Bad
9.0,1.0,75.0,28.0,44.0,0.0,Bad
66.0,12.0,86.0,7.0,80.0,0.0,Bad
6.0,4.0,86.0,14.0,29.0,0.0,Bad
13.0,1.0,62.0,13.0,60.0,0.0,Good
66.0,1.0,94.0,18.0,71.0,0.0,Bad
49.0,9.0,89.0,19.0,71.0,0.0,Bad
0.0,7.0,88.0,8.0,40.0,0.0,Bad
3.0,45.0,86.0,29.0,36.0,0.0,Good
1.0,11.0,97.0,32.0,26.0,0.0,Bad
83.0,19.0,91.0,45.0,89.0,0.0,Bad
98.0,0.0,83.0,12.0,100.0,0.0,Bad
49.0,59.0,98.0,46.0,45.0,0.0,Bad
79.0,15.0,89.0,18.0,88.0,0.0,Bad
61.0,48.0,88.0,16.0,33.0,0.0,Bad
64.0,4.0,50.0,14.0,80.0,0.0,Bad
48.0,17.0,75.0,20.0,91.0,0.0,Good
21.0,3.0,92.0,37.0,55.0,0.0,Bad
16.0,4.0,84.0,39.0,52.0,0.0,Bad
68.0,10.0,71.0,24.0,81.0,0.0,Bad
2.0,34.0,95.0,43.0,17.0,0.0,Bad
43.0,69.0,96.0,26.0,70.0,0.0,Bad
52.0,38.0,80.0,10.0,75.0,0.0,Bad
30.0,26.0,93.0,27.0,78.0,0.0,Bad
33.0,6.0,93.0,46.0,60.0,0.0,Bad
51.0,11.0,75.0,8.0,80.0,0.0,Bad
45.0,0.0,63.0,19.0,100.0,0.0,Bad
64.0,13.0,84.0,44.0,100.0,0.0,Bad
13.0,42.0,95.0,20.0,64.0,0.0,Good
15.0,2.0,91.0,23.0,69.0,0.0,Good
81.0,31.0,91.0,22.0,71.0,0.0,Bad
65.0,16.0,80.0,25.0,71.0,0.0,Bad
21.0,2.0,50.0,12.0,60.0,0.0,Good
8.0,5.0,69.0,13.0,67.0,0.0,Bad
112.0,6.0,83.0,18.0,89.0,0.0,Bad
49.0,14.0,95.0,21.0,75.0,0.0,Bad
98.0,6.0,78.0,23.0,93.0,0.0,Good
37.0,4.0,91.0,33.0,58.0,0.0,Bad
20.0,30.0,93.0,30.0,56.0,0.0,Good
58.0,0.0,89.0,44.0,72.0,0.0,Good
72.0,28.0,62.0,45.0,76.0,0.0,Good
75.0,21.0,97.0,32.0,87.0,0.0,Bad
50.0,75.0,96.0,24.0,70.0,0.0,Good
61.0,22.0,50.0,10.0,86.0,0.0,Good
23.0,18.0,79.0,14.0,100.0,0.0,Bad
38.0,2.0,31.0,17.0,75.0,0.0,Bad
55.0,3.0,75.0,20.0,80.0,0.0,Bad
7.0,33.0,95.0,37.0,73.0,0.0,Good
64.0,3.0,78.0,23.0,83.0,0.0,Bad
95.0,9.0,85.0,13.0,100.0,0.0,Bad
107.0,6.0,90.0,21.0,60.0,0.0,Bad
6.0,11.0,69.0,16.0,70.0,5.0,Bad
117.0,6.0,90.0,10.0,75.0,2.0,Good
3.0,5.0,88.0,24.0,50.0,4.0,Bad
53.0,7.0,85.0,20.0,89.0,7.0,Bad
33.0,3.0,92.0,26.0,50.0,10.0,Bad
36.0,4.0,91.0,34.0,55.0,21.0,Good
58.0,8.0,93.0,15.0,71.0,14.0,Good
52.0,16.0,67.0,15.0,78.0,3.0,Good
25.0,12.0,97.0,79.0,66.0,2.0,Good
68.0,12.0,80.0,26.0,50.0,4.0,Good
43.0,6.0,83.0,30.0,94.0,3.0,Good
93.0,13.0,73.0,15.0,100.0,14.0,Bad
24.0,2.0,79.0,33.0,46.0,11.0,Good
1.0,70.0,95.0,22.0,50.0,3.0,Good
52.0,2.0,77.0,13.0,100.0,1.0,Bad
28.0,23.0,97.0,33.0,61.0,1.0,Good
44.0,27.0,86.0,36.0,93.0,15.0,Good
68.0,14.0,52.0,24.0,78.0,8.0,Bad
2.0,14.0,94.0,33.0,40.0,1.0,Good
34.0,39.0,96.0,26.0,82.0,1.0,Bad
25.0,59.0,78.0,9.0,86.0,0.0,Good
51.0,18.0,89.0,20.0,67.0,0.0,Bad
38.0,37.0,98.0,41.0,47.0,2.0,Good
66.0,31.0,96.0,23.0,86.0,6.0,Bad
0.0,9.0,87.0,15.0,75.0,0.0,Bad
10.0,3.0,97.0,36.0,60.0,0.0,Good
13.0,7.0,94.0,18.0,71.0,10.0,Good
84.0,44.0,87.0,23.0,89.0,6.0,Bad
85.0,2.0,73.0,11.0,100.0,0.0,Bad
73.0,34.0,78.0,18.0,100.0,0.0,Bad
30.0,4.0,89.0,37.0,100.0,0.0,Bad
10.0,19.0,85.0,20.0,64.0,5.0,Bad
13.0,2.0,62.0,13.0,83.0,4.0,Bad
12.0,11.0,82.0,11.0,71.0,0.0,Good
25.0,23.0,92.0,25.0,50.0,0.0,Good
46.0,2.0,88.0,16.0,100.0,0.0,Bad
25.0,40.0,90.0,31.0,61.0,2.0,Bad
36.0,24.0,97.0,29.0,71.0,0.0,Good
7.0,1.0,96.0,26.0,43.0,4.0,Good
97.0,10.0,80.0,16.0,100.0,7.0,Bad
20.0,41.0,88.0,24.0,100.0,0.0,Good
36.0,23.0,85.0,13.0,100.0,0.0,Bad
58.0,10.0,92.0,24.0,82.0,0.0,Bad
4.0,11.0,70.0,20.0,70.0,0.0,Bad
61.0,34.0,90.0,30.0,72.0,0.0,Bad
18.0,19.0,94.0,16.0,75.0,0.0,Bad
8.0,22.0,86.0,22.0,55.0,0.0,Good
14.0,67.0,98.0,43.0,50.0,5.0,Good
13.0,51.0,96.0,24.0,67.0,22.0,Good
43.0,39.0,81.0,16.0,100.0,1.0,Good
35.0,4.0,86.0,42.0,40.0,10.0,Good
7.0,9.0,86.0,7.0,100.0,21.0,Good
66.0,0.0,91.0,36.0,100.0,3.0,Bad
18.0,2.0,75.0,24.0,71.0,4.0,Good
6.0,13.0,90.0,30.0,61.0,11.0,Good
27.0,66.0,93.0,15.0,100.0,4.0,Good
73.0,14.0,70.0,10.0,86.0,12.0,Bad
11.0,3.0,96.0,52.0,55.0,4.0,Good
4.0,5.0,93.0,17.0,63.0,0.0,Good
47.0,72.0,98.0,46.0,67.0,1.0,Bad
88.0,24.0,96.0,23.0,82.0,0.0,Bad
25.0,10.0,90.0,40.0,73.0,3.0,Good
44.0,36.0,96.0,27.0,75.0,9.0,Good
1.0,7.0,96.0,27.0,60.0,0.0,Good
90.0,15.0,89.0,9.0,100.0,6.0,Good
6.0,7.0,83.0,30.0,33.0,2.0,Good
2.0,50.0,96.0,25.0,71.0,4.0,Good
1.0,28.0,97.0,61.0,32.0,2.0,Good
33.0,69.0,95.0,42.0,80.0,4.0,Good
93.0,2.0,89.0,18.0,100.0,4.0,Good
86.0,28.0,92.0,12.0,80.0,1.0,Bad
